INSERT INTO REGION VALUES('A001', 'Seoul', 'Seoul');
INSERT INTO REGION VALUES('A002', 'Busan', 'Busan');
INSERT INTO REGION VALUES('A003', 'Daegu', 'Daegu');
INSERT INTO REGION VALUES('A004', 'Incheon', 'Incheon');
INSERT INTO REGION VALUES('A005', 'Gwangju', 'Gwangju');
INSERT INTO REGION VALUES('A006', 'Daejeon', 'Daejeon');
INSERT INTO REGION VALUES('A007', 'Ulsan', 'Ulsan');
INSERT INTO REGION VALUES('A008', 'Sejong', 'Sejong');
INSERT INTO REGION VALUES('B001', 'Gyeonggi-do', 'Dongducheon -si');
INSERT INTO REGION VALUES('B002', 'Gyeonggi-do', 'Suwon-si');
INSERT INTO REGION VALUES('B003', 'Gyeonggi-do', 'Yangpyeong-gun');
INSERT INTO REGION VALUES('B004', 'Gyeonggi-do', 'Icheon-si');
INSERT INTO REGION VALUES('B005', 'Gyeonggi-do', 'Paju-si');
INSERT INTO REGION VALUES('C001', 'Gangwon-do', 'Gangneung-si');
INSERT INTO REGION VALUES('C002', 'Gangwon-do', 'Sokcho-si');
INSERT INTO REGION VALUES('C003', 'Gangwon-do', 'Wonju-si');
INSERT INTO REGION VALUES('C004', 'Gangwon-do', 'Chuncheon-si');
INSERT INTO REGION VALUES('C005', 'Gangwon-do', 'Taebaek-si');
INSERT INTO REGION VALUES('D001', 'Chungcheongbuk-do', 'Boeun-gun');
INSERT INTO REGION VALUES('D002', 'Chungcheongbuk-do', 'Eumseong-gun');
INSERT INTO REGION VALUES('D003', 'Chungcheongbuk-do', 'Cheongju-si');
INSERT INTO REGION VALUES('D004', 'Chungcheongbuk-do', 'Jecheon-si');
INSERT INTO REGION VALUES('E001', 'Chungcheongnam-do', 'Buyeo-gun');
INSERT INTO REGION VALUES('E002', 'Chungcheongnam-do', 'Nonsan-si');
INSERT INTO REGION VALUES('E003', 'Chungcheongnam-do', 'Boryeong-si');
INSERT INTO REGION VALUES('E004', 'Chungcheongnam-do', 'Cheonan-si');
INSERT INTO REGION VALUES('E005', 'Chungcheongnam-do', 'Asan-si');
INSERT INTO REGION VALUES('F001', 'Jeollabuk-do', 'Imsil-gun');
INSERT INTO REGION VALUES('F002', 'Jeollabuk-do', 'Muju-gun');
INSERT INTO REGION VALUES('F003', 'Jeollabuk-do', 'Jeongeup-si');
INSERT INTO REGION VALUES('F004', 'Jeollabuk-do', 'Buan-gun');
INSERT INTO REGION VALUES('F005', 'Jeollabuk-do', 'Jeonju-si');
INSERT INTO REGION VALUES('G001', 'Jeollanam-do', 'Gwangyang-si');
INSERT INTO REGION VALUES('G002', 'Jeollanam-do', 'Gangjin-gun');
INSERT INTO REGION VALUES('G003', 'Jeollanam-do', 'Boseong-gun');
INSERT INTO REGION VALUES('G004', 'Jeollanam-do', 'Suncheon-si');
INSERT INTO REGION VALUES('G005', 'Jeollanam-do', 'Yeosu-si');
INSERT INTO REGION VALUES('H001', 'Gyeongsangbuk-do', 'Gyeongju-si');
INSERT INTO REGION VALUES('H002', 'Gyeongsangbuk-do', 'Gumi-si');
INSERT INTO REGION VALUES('H003', 'Gyeongsangbuk-do', 'Yeongju-si');
INSERT INTO REGION VALUES('H004', 'Gyeongsangbuk-do', 'Ulleung-gun');
INSERT INTO REGION VALUES('H005', 'Gyeongsangbuk-do', 'Pohang-si');
INSERT INTO REGION VALUES('I001', 'Gyeongsangnam-do', 'Geoje-si');
INSERT INTO REGION VALUES('I002', 'Gyeongsangnam-do', 'Gimhae-si');
INSERT INTO REGION VALUES('I003', 'Gyeongsangnam-do', 'Jinju-si');
INSERT INTO REGION VALUES('I004', 'Gyeongsangnam-do', 'Changwon-si');
INSERT INTO REGION VALUES('J001', 'JEJU', 'Seogwipo-si');
INSERT INTO REGION VALUES('J002', 'JEJU', 'Jeju-si');



INSERT INTO FINE_DUST VALUES('2022-10-01', 'A001', '35', '38');
INSERT INTO FINE_DUST VALUES('2022-10-01', 'A002', '18', '28');
INSERT INTO FINE_DUST VALUES('2022-10-01', 'A003', '23', '18');
INSERT INTO FINE_DUST VALUES('2022-10-01', 'A004', '37', '52');
INSERT INTO FINE_DUST VALUES('2022-10-01', 'A005', '31', '23');
INSERT INTO FINE_DUST VALUES('2022-10-01', 'A006', '34', '26');
INSERT INTO FINE_DUST VALUES('2022-10-01', 'A007', '17', '27');
INSERT INTO FINE_DUST VALUES('2022-10-10', 'A001', '20', '3');
INSERT INTO FINE_DUST VALUES('2022-10-10', 'A002', '27', '6');
INSERT INTO FINE_DUST VALUES('2022-10-10', 'A003', '28', '4');
INSERT INTO FINE_DUST VALUES('2022-10-10', 'A004', '22', '4');
INSERT INTO FINE_DUST VALUES('2022-10-10', 'A005', '27', '6');
INSERT INTO FINE_DUST VALUES('2022-10-10', 'A006', '22', '4');
INSERT INTO FINE_DUST VALUES('2022-10-10', 'A007', '21', '8');
INSERT INTO FINE_DUST VALUES('2022-10-15', 'A001', '25', '19');
INSERT INTO FINE_DUST VALUES('2022-10-15', 'A002', '24', '8');
INSERT INTO FINE_DUST VALUES('2022-10-15', 'A003', '27', '10');
INSERT INTO FINE_DUST VALUES('2022-10-15', 'A004', '29', '25');
INSERT INTO FINE_DUST VALUES('2022-10-15', 'A005', '22', '21');
INSERT INTO FINE_DUST VALUES('2022-10-15', 'A006', '31', '12');
INSERT INTO FINE_DUST VALUES('2022-10-15', 'A007', '24', '9');
INSERT INTO FINE_DUST VALUES('2022-10-20', 'A001', '28', '18');
INSERT INTO FINE_DUST VALUES('2022-10-20', 'A002', '22', '13');
INSERT INTO FINE_DUST VALUES('2022-10-20', 'A003', '31', '18');
INSERT INTO FINE_DUST VALUES('2022-10-20', 'A004', '28', '20');
INSERT INTO FINE_DUST VALUES('2022-10-20', 'A005', '26', '15');
INSERT INTO FINE_DUST VALUES('2022-10-20', 'A006', '28', '21');
INSERT INTO FINE_DUST VALUES('2022-10-20', 'A007', '19', '17');
INSERT INTO FINE_DUST VALUES('2022-10-30', 'A001', '23', '16');
INSERT INTO FINE_DUST VALUES('2022-10-30', 'A002', '20', '7');
INSERT INTO FINE_DUST VALUES('2022-10-30', 'A003', '29', '9');
INSERT INTO FINE_DUST VALUES('2022-10-30', 'A004', '26', '22');
INSERT INTO FINE_DUST VALUES('2022-10-30', 'A005', '26', '19');
INSERT INTO FINE_DUST VALUES('2022-10-30', 'A006', '24', '15');
INSERT INTO FINE_DUST VALUES('2022-10-30', 'A007', '18', '8');



INSERT INTO OZONE VALUES('2022-10-01', 'A001', '0.047');
INSERT INTO OZONE VALUES('2022-10-01', 'A002', '0.048');
INSERT INTO OZONE VALUES('2022-10-01', 'A003', '0.032');
INSERT INTO OZONE VALUES('2022-10-01', 'A004', '0.045');
INSERT INTO OZONE VALUES('2022-10-01', 'A005', '0.044');
INSERT INTO OZONE VALUES('2022-10-01', 'A006', '0.034');
INSERT INTO OZONE VALUES('2022-10-01', 'A007', '0.040');
INSERT INTO OZONE VALUES('2022-10-10', 'A001', '0.028');
INSERT INTO OZONE VALUES('2022-10-10', 'A002', '0.035');
INSERT INTO OZONE VALUES('2022-10-10', 'A003', '0.035');
INSERT INTO OZONE VALUES('2022-10-10', 'A004', '0.030');
INSERT INTO OZONE VALUES('2022-10-10', 'A005', '0.034');
INSERT INTO OZONE VALUES('2022-10-10', 'A006', '0.033');
INSERT INTO OZONE VALUES('2022-10-10', 'A007', '0.039');
INSERT INTO OZONE VALUES('2022-10-15', 'A001', '0.023');
INSERT INTO OZONE VALUES('2022-10-15', 'A002', '0.035');
INSERT INTO OZONE VALUES('2022-10-15', 'A003', '0.029');
INSERT INTO OZONE VALUES('2022-10-15', 'A004', '0.027');
INSERT INTO OZONE VALUES('2022-10-15', 'A005', '0.033');
INSERT INTO OZONE VALUES('2022-10-15', 'A006', '0.019');
INSERT INTO OZONE VALUES('2022-10-15', 'A007', '0.033');
INSERT INTO OZONE VALUES('2022-10-20', 'A001', '0.021');
INSERT INTO OZONE VALUES('2022-10-20', 'A002', '0.026');
INSERT INTO OZONE VALUES('2022-10-20', 'A003', '0.020');
INSERT INTO OZONE VALUES('2022-10-20', 'A004', '0.028');
INSERT INTO OZONE VALUES('2022-10-20', 'A005', '0.025');
INSERT INTO OZONE VALUES('2022-10-20', 'A006', '0.018');
INSERT INTO OZONE VALUES('2022-10-20', 'A007', '0.030');
INSERT INTO OZONE VALUES('2022-10-30', 'A001', '0.024');
INSERT INTO OZONE VALUES('2022-10-30', 'A002', '0.030');
INSERT INTO OZONE VALUES('2022-10-30', 'A003', '0.022');
INSERT INTO OZONE VALUES('2022-10-30', 'A004', '0.029');
INSERT INTO OZONE VALUES('2022-10-30', 'A005', '0.033');
INSERT INTO OZONE VALUES('2022-10-30', 'A006', '0.024');
INSERT INTO OZONE VALUES('2022-10-30', 'A007', '0.028');

/*insert values for humid table*/
INSERT INTO humidtable (humiddate, region_code, relative_humidity) 
    VALUES ('2022-10-01', 'B005', '8.34'), ('2022-10-02', 'B005', '3.13'), ('2022-10-03', 'B005', '2.07'),
    ('2022-10-04', 'B005', '77.22'), ('2022-10-05', 'B005', '73.91'), ('2022-10-06', 'B005', '71.2'),
    ('2022-10-07', 'B005', '54.89'), ('2022-10-08', 'B005', '64.89'), ('2022-10-09', 'B005', '62.21'),
    ('2022-10-10', 'B005', '69.41'), ('2022-10-11', 'B005', '57.74'), ('2022-10-12', 'B005', '57.21'),
    ('2022-10-13', 'B005', '56.89'), ('2022-10-14', 'B005', '71.87'), ('2022-10-15', 'B005', '65.56'),
    ('2022-10-16', 'B005', '64.44'), ('2022-10-17', 'B005', '77.82'), ('2022-10-18', 'B005', '87.33'),
    ('2022-10-19', 'B005', '76.57'), ('2022-10-20', 'B005', '66.2'), ('2022-10-21', 'B005', '74.05'),
    ('2022-10-22', 'B005', '73.85'), ('2022-10-23', 'B005', '85.22'), ('2022-10-24', 'B005', '66.09'),
    ('2022-10-25', 'B005', '55.43'), ('2022-10-26', 'B005', '63.52'), ('2022-10-27', 'B005', '73.16'),
    ('2022-10-28', 'B005', '83.73'), ('2022-10-29', 'B005', '73.71'), ('2022-10-30', 'B005', '52.23'),
    ('2022-10-31', 'B005', '72.23'),
    ('2022-10-01', 'C004', '63.32'), ('2022-10-02', 'C004', '73.92'), ('2022-10-03', 'C004', '71.72'),
    ('2022-10-04', 'C004', '85.58'), ('2022-10-05', 'C004', '80.79'), ('2022-10-06', 'C004', '70.3'),
    ('2022-10-07', 'C004', '70.3'), ('2022-10-08', 'C004', '77.45'), ('2022-10-09', 'C004', '63.56'),
    ('2022-10-10', 'C004', '78.35'), ('2022-10-11', 'C004', '65.88'), ('2022-10-12', 'C004', '76.1'),
    ('2022-10-13', 'C004', '63.15'), ('2022-10-14', 'C004', '69.96'), ('2022-10-15', 'C004', '61.38'),
    ('2022-10-16', 'C004', '75.62'), ('2022-10-17', 'C004', '76.75'), ('2022-10-18', 'C004', '55.7'),
    ('2022-10-19', 'C004', '63.53'), ('2022-10-20', 'C004', '73.18'), ('2022-10-21', 'C004', '61.37'),
    ('2022-10-22', 'C004', '73.85'), ('2022-10-23', 'C004', '65.22'), ('2022-10-24', 'C004', '66.09'),
    ('2022-10-25', 'C004', '83.33'), ('2022-10-26', 'C004', '79.43'), ('2022-10-27', 'C004', '73.38'),
    ('2022-10-28', 'C004', '63.56'), ('2022-10-29', 'C004', '63.07'), ('2022-10-30', 'C004', '62.93'),
    ('2022-10-31', 'C004', '72.28'),
    ('2022-10-01', 'C001', '81.19'), ('2022-10-02', 'C001', '74.31'), ('2022-10-03', 'C001', '75.9'),
    ('2022-10-04', 'C001', '73.41'), ('2022-10-05', 'C001', '62.81'), ('2022-10-06', 'C001', '62.34'),
    ('2022-10-07', 'C001', '74.26'), ('2022-10-08', 'C001', '71.7'), ('2022-10-09', 'C001', '68.99'),
    ('2022-10-10', 'C001', '80.66'), ('2022-10-11', 'C001', '80.2'), ('2022-10-12', 'C001', '70.28'),
    ('2022-10-13', 'C001', '60.43'), ('2022-10-14', 'C001', '76.28'), ('2022-10-15', 'C001', '59.29'),
    ('2022-10-16', 'C001', '75.15'), ('2022-10-17', 'C001', '69.43'), ('2022-10-18', 'C001', '58.33'),
    ('2022-10-19', 'C001', '69.82'), ('2022-10-20', 'C001', '80.12'), ('2022-10-21', 'C001', '67.56'),
    ('2022-10-22', 'C001', '77.37'), ('2022-10-23', 'C001', '72.67'), ('2022-10-24', 'C001', '63.93'),
    ('2022-10-25', 'C001', '66.32'), ('2022-10-26', 'C001', '77.16'), ('2022-10-27', 'C001', '55.47'),
    ('2022-10-28', 'C001', '72.17'), ('2022-10-29', 'C001', '68.18'), ('2022-10-30', 'C001', '57.32'),
    ('2022-10-31', 'C001', '74.29'),
    ('2022-10-01', 'A001', '67.31'), ('2022-10-02', 'A001', '63.8'), ('2022-10-03', 'A001', '71.06'),
    ('2022-10-04', 'A001', '65.5'), ('2022-10-05', 'A001', '55.62'), ('2022-10-06', 'A001', '70.74'),
    ('2022-10-07', 'A001', '55.08'), ('2022-10-08', 'A001', '68.48'), ('2022-10-09', 'A001', '72.4'),
    ('2022-10-10', 'A001', '79.31'), ('2022-10-11', 'A001', '58.72'), ('2022-10-12', 'A001', '68.13'),
    ('2022-10-13', 'A001', '67.98'), ('2022-10-14', 'A001', '63.52'), ('2022-10-15', 'A001', '56.21'),
    ('2022-10-16', 'A001', '66.15'), ('2022-10-17', 'A001', '78.79'), ('2022-10-18', 'A001', '68.27'),
    ('2022-10-19', 'A001', '57.78'), ('2022-10-20', 'A001', '57.2'), ('2022-10-21', 'A001', '55.16'),
    ('2022-10-22', 'A001', '74.93'), ('2022-10-23', 'A001', '64.04'), ('2022-10-24', 'A001', '56.88'),
    ('2022-10-25', 'A001', '66.37'), ('2022-10-26', 'A001', '72.66'), ('2022-10-27', 'A001', '54.31'),
    ('2022-10-28', 'A001', '54.35'), ('2022-10-29', 'A001', '64.64'), ('2022-10-30', 'A001', '53.64'),
    ('2022-10-31', 'A001', '63.19'),
    ('2022-10-01', 'A004', '65.52'), ('2022-10-02', 'A004', '55.48'), ('2022-10-03', 'A004', '70.96'),
    ('2022-10-04', 'A004', '55.98'), ('2022-10-05', 'A004', '67.17'), ('2022-10-06', 'A004', '63.04'),
    ('2022-10-07', 'A004', '58.61'), ('2022-10-08', 'A004', '87.71'), ('2022-10-09', 'A004', '62.47'),
    ('2022-10-10', 'A004', '69.41'), ('2022-10-11', 'A004', '78.15'), ('2022-10-12', 'A004', '67.61'),
    ('2022-10-13', 'A004', '67.26'), ('2022-10-14', 'A004', '63.6'), ('2022-10-15', 'A004', '56.11'),
    ('2022-10-16', 'A004', '70.96'), ('2022-10-17', 'A004', '68.07'), ('2022-10-18', 'A004', '57.56'),
    ('2022-10-19', 'A004', '59.89'), ('2022-10-20', 'A004', '56.26'), ('2022-10-21', 'A004', '64.44'),
    ('2022-10-22', 'A004', '74.71'), ('2022-10-23', 'A004', '66.18'), ('2022-10-24', 'A004', '56.37'),
    ('2022-10-25', 'A004', '65.5'), ('2022-10-26', 'A004', '72.22'), ('2022-10-27', 'A004', '63.88'),
    ('2022-10-28', 'A004', '63.18'), ('2022-10-29', 'A004', '73.71'), ('2022-10-30', 'A004', '53.45'),
    ('2022-10-31', 'A004', '53.2'),
    ('2022-10-01', 'H004', '0.49'), ('2022-10-02', 'H004', '66.52'), ('2022-10-03', 'H004', '63.3'),
    ('2022-10-04', 'H004', '53.32'), ('2022-10-05', 'H004', '64.98'), ('2022-10-06', 'H004', '62.15'),
    ('2022-10-07', 'H004', '54.02'), ('2022-10-08', 'H004', '59.62'), ('2022-10-09', 'H004', '54.75'),
    ('2022-10-10', 'H004', '67.11'), ('2022-10-11', 'H004', '70.57'), ('2022-10-12', 'H004', '66.48'),
    ('2022-10-13', 'H004', '58.49'), ('2022-10-14', 'H004', '62.96'), ('2022-10-15', 'H004', '55.94'),
    ('2022-10-16', 'H004', '60.44'), ('2022-10-17', 'H004', '50.77'), ('2022-10-18', 'H004', '60.2'),
    ('2022-10-19', 'H004', '65.31'), ('2022-10-20', 'H004', '67.19'), ('2022-10-21', 'H004', '57.25'),
    ('2022-10-22', 'H004', '75.51'), ('2022-10-23', 'H004', '62.67'), ('2022-10-24', 'H004', '68.14'),
    ('2022-10-25', 'H004', '71.38'), ('2022-10-26', 'H004', '54.43'), ('2022-10-27', 'H004', '69.04'),
    ('2022-10-28', 'H004', '68.34'), ('2022-10-29', 'H004', '61.38'), ('2022-10-30', 'H004', '64.93'),
    ('2022-10-31', 'H004', '69.04'),
    ('2022-10-01', 'B002', '63.57'), ('2022-10-02', 'B002', '55.85'), ('2022-10-03', 'B002', '70.9'),
    ('2022-10-04', 'B002', '62.02'), ('2022-10-05', 'B002', '64.65'), ('2022-10-06', 'B002', '60.72'),
    ('2022-10-07', 'B002', '56.89'), ('2022-10-08', 'B002', '66.65'), ('2022-10-09', 'B002', '62.34'),
    ('2022-10-10', 'B002', '67.54'), ('2022-10-11', 'B002', '57.61'), ('2022-10-12', 'B002', '67.43'),
    ('2022-10-13', 'B002', '57.39'), ('2022-10-14', 'B002', '63.3'), ('2022-10-15', 'B002', '65.34'),
    ('2022-10-16', 'B002', '55.8'), ('2022-10-17', 'B002', '59.7'), ('2022-10-18', 'B002', '67.14'),
    ('2022-10-19', 'B002', '66.41'), ('2022-10-20', 'B002', '65.96'), ('2022-10-21', 'B002', '63.56'),
    ('2022-10-22', 'B002', '64.44'), ('2022-10-23', 'B002', '54.33'), ('2022-10-24', 'B002', '65.51'),
    ('2022-10-25', 'B002', '55.46'), ('2022-10-26', 'B002', '62.77'), ('2022-10-27', 'B002', '63.47'),
    ('2022-10-28', 'B002', '63.68'), ('2022-10-29', 'B002', '63.54'), ('2022-10-30', 'B002', '53.27'),
    ('2022-10-31', 'B002', '53.16'),
    ('2022-10-01', 'D002', '55.59'), ('2022-10-02', 'D002', '74.8'), ('2022-10-03', 'D002', '72.52'),
    ('2022-10-04', 'D002', '51.8'), ('2022-10-05', 'D002', '55.96'), ('2022-10-06', 'D002', '69.3'),
    ('2022-10-07', 'D002', '47.71'), ('2022-10-08', 'D002', '59'), ('2022-10-09', 'D002', '74.69'),
    ('2022-10-10', 'D002', '56.28'), ('2022-10-11', 'D002', '65.39'), ('2022-10-12', 'D002', '77.65'),
    ('2022-10-13', 'D002', '57.68'), ('2022-10-14', 'D002', '73.78'), ('2022-10-15', 'D002', '70.31'),
    ('2022-10-16', 'D002', '58.02'), ('2022-10-17', 'D002', '66.82'), ('2022-10-18', 'D002', '62.2'),
    ('2022-10-19', 'D002', '66.52'), ('2022-10-20', 'D002', '56.48'), ('2022-10-21', 'D002', '52.43'),
    ('2022-10-22', 'D002', '53.73'), ('2022-10-23', 'D002', '62.47'), ('2022-10-24', 'D002', '62.48'),
    ('2022-10-25', 'D002', '65.97'), ('2022-10-26', 'D002', '54.5'), ('2022-10-27', 'D002', '75.59'),
    ('2022-10-28', 'D002', '62.47'), ('2022-10-29', 'D002', '54.26'), ('2022-10-30', 'D002', '61.93'),
    ('2022-10-31', 'D002', '53.02'),
    ('2022-10-01', 'A006', '77.43'), ('2022-10-02', 'A006', '71.39'), ('2022-10-03', 'A006', '67.07'),
    ('2022-10-04', 'A006', '68.55'), ('2022-10-05', 'A006', '64.28'), ('2022-10-06', 'A006', '70.3'),
    ('2022-10-07', 'A006', '65.39'), ('2022-10-08', 'A006', '58.69'), ('2022-10-09', 'A006', '63.69'),
    ('2022-10-10', 'A006', '51.9'), ('2022-10-11', 'A006', '67.78'), ('2022-10-12', 'A006', '58.2'),
    ('2022-10-13', 'A006', '68.04'), ('2022-10-14', 'A006', '55.57'), ('2022-10-15', 'A006', '65.1'),
    ('2022-10-16', 'A006', '70.5'), ('2022-10-17', 'A006', '67.65'), ('2022-10-18', 'A006', '68.04'),
    ('2022-10-19', 'A006', '65.52'), ('2022-10-20', 'A006', '55.1'), ('2022-10-21', 'A006', '70.5'),
    ('2022-10-22', 'A006', '57.65'), ('2022-10-23', 'A006', '68.04'), ('2022-10-24', 'A006', '67.56'),
    ('2022-10-25', 'A006', '66.19'), ('2022-10-26', 'A006', '64.24'), ('2022-10-27', 'A006', '54.73'),
    ('2022-10-28', 'A006', '53.16'), ('2022-10-29', 'A006', '54.48'), ('2022-10-30', 'A006', '64.77'),
    ('2022-10-31', 'A006', '54.59'),
    ('2022-10-01', 'A003', '78.43'), ('2022-10-02', 'A003', '65.48'), ('2022-10-03', 'A003', '70'),
    ('2022-10-04', 'A003', '66.19'), ('2022-10-05', 'A003', '63.84'), ('2022-10-06', 'A003', '62.69'),
    ('2022-10-07', 'A003', '70.21'), ('2022-10-08', 'A003', '69.18'), ('2022-10-09', 'A003', '65.9'),
    ('2022-10-10', 'A003', '69.33'), ('2022-10-11', 'A003', '57.64'), ('2022-10-12', 'A003', '57.2'),
    ('2022-10-13', 'A003', '56.56'), ('2022-10-14', 'A003', '65.2'), ('2022-10-15', 'A003', '67.98'),
    ('2022-10-16', 'A003', '67.35'), ('2022-10-17', 'A003', '66.95'), ('2022-10-18', 'A003', '68.2'),
    ('2022-10-19', 'A003', '68.18'), ('2022-10-20', 'A003', '57.54'), ('2022-10-21', 'A003', '61.5'),
    ('2022-10-22', 'A003', '65.87'), ('2022-10-23', 'A003', '54.04'), ('2022-10-24', 'A003', '63.56'),
    ('2022-10-25', 'A003', '63.19'), ('2022-10-26', 'A003', '55.24'), ('2022-10-27', 'A003', '54.73'),
    ('2022-10-28', 'A003', '73.46'), ('2022-10-29', 'A003', '51.48'), ('2022-10-30', 'A003', '65.17'),
    ('2022-10-31', 'A003', '65.59'),
    ('2022-10-01', 'F005', '68.09'), ('2022-10-02', 'F005', '65.16'), ('2022-10-03', 'F005', '68.28'),
    ('2022-10-04', 'F005', '63.43'), ('2022-10-05', 'F005', '71'), ('2022-10-06', 'F005', '72.9'),
    ('2022-10-07', 'F005', '56.08'), ('2022-10-08', 'F005', '66.18'), ('2022-10-09', 'F005', '63.9'),
    ('2022-10-10', 'F005', '61.33'), ('2022-10-11', 'F005', '67.64'), ('2022-10-12', 'F005', '68.64'),
    ('2022-10-13', 'F005', '68.2'), ('2022-10-14', 'F005', '55.96'), ('2022-10-15', 'F005', '65.98'),
    ('2022-10-16', 'F005', '66.63'), ('2022-10-17', 'F005', '67.95'), ('2022-10-18', 'F005', '67.2'),
    ('2022-10-19', 'F005', '67.39'), ('2022-10-20', 'F005', '69.56'), ('2022-10-21', 'F005', '65.5'),
    ('2022-10-22', 'F005', '55.14'), ('2022-10-23', 'F005', '69.04'), ('2022-10-24', 'F005', '64.56'),
    ('2022-10-25', 'F005', '63.9'), ('2022-10-26', 'F005', '68.24'), ('2022-10-27', 'F005', '58.73'),
    ('2022-10-28', 'F005', '68.46'), ('2022-10-29', 'F005', '61.48'), ('2022-10-30', 'F005', '64.17'),
    ('2022-10-31', 'F005', '63.59');

/*insert values for precipitation table*/
INSERT INTO PRECIPITAIONTABLE (raindate, region_code, precipitation) 
    VALUES ('2022-10-01', 'B005', '0'), ('2022-10-02', 'B005', '30.9'), ('2022-10-03', 'B005', '118.4'),
    ('2022-10-04', 'B005', '6.2'), ('2022-10-05', 'B005', '0'), ('2022-10-06', 'B005', '0'),
    ('2022-10-07', 'B005', '0'), ('2022-10-08', 'B005', '0'), ('2022-10-09', 'B005', '23.21'),
    ('2022-10-10', 'B005', '2.2'), ('2022-10-11', 'B005', '0'), ('2022-10-12', 'B005', '0'),
    ('2022-10-13', 'B005', '0'), ('2022-10-14', 'B005', '0'), ('2022-10-15', 'B005', '0'),
    ('2022-10-16', 'B005', '0.5'), ('2022-10-17', 'B005', '0'), ('2022-10-18', 'B005', '0'),
    ('2022-10-19', 'B005', '0'), ('2022-10-20', 'B005', '0'), ('2022-10-21', 'B005', '0'),
    ('2022-10-22', 'B005', '0'), ('2022-10-23', 'B005', '0'), ('2022-10-24', 'B005', '0'),
    ('2022-10-25', 'B005', '0'), ('2022-10-26', 'B005', '0'), ('2022-10-27', 'B005', '0'),
    ('2022-10-28', 'B005', '0'), ('2022-10-29', 'B005', '0'), ('2022-10-30', 'B005', '0'),
    ('2022-10-31', 'B005', '0'),
    ('2022-10-01', 'C004', '0'), ('2022-10-02', 'C004', '9.2'), ('2022-10-03', 'C004', '102.9'),
    ('2022-10-04', 'C004', '13.8'), ('2022-10-05', 'C004', '0'), ('2022-10-06', 'C004', '0'),
    ('2022-10-07', 'C004', '0'), ('2022-10-08', 'C004', '0'), ('2022-10-09', 'C004', '11.4'),
    ('2022-10-10', 'C004', '0'), ('2022-10-11', 'C004', '0'), ('2022-10-12', 'C004', '0'),
    ('2022-10-13', 'C004', '0'), ('2022-10-14', 'C004', '0'), ('2022-10-15', 'C004', '0'),
    ('2022-10-16', 'C004', '0'), ('2022-10-17', 'C004', '0'), ('2022-10-18', 'C004', '0'),
    ('2022-10-19', 'C004', '0'), ('2022-10-20', 'C004', '0'), ('2022-10-21', 'C004', '0'),
    ('2022-10-22', 'C004', '0'), ('2022-10-23', 'C004', '0'), ('2022-10-24', 'C004', '0'),
    ('2022-10-25', 'C004', '0'), ('2022-10-26', 'C004', '0'), ('2022-10-27', 'C004', '0'),
    ('2022-10-28', 'C004', '0'), ('2022-10-29', 'C004', '0'), ('2022-10-30', 'C004', '0'),
    ('2022-10-31', 'C004', '0'),
    ('2022-10-01', 'C001', '0'), ('2022-10-02', 'C001', '3.1'), ('2022-10-03', 'C001', '0.3'),
    ('2022-10-04', 'C001', '111.6'), ('2022-10-05', 'C001', '41'), ('2022-10-06', 'C001', '30.2'),
    ('2022-10-07', 'C001', '40'), ('2022-10-08', 'C001', '0'), ('2022-10-09', 'C001', '0.7'),
    ('2022-10-10', 'C001', '0'), ('2022-10-11', 'C001', '0'), ('2022-10-12', 'C001', '0'),
    ('2022-10-13', 'C001', '0'), ('2022-10-14', 'C001', '0'), ('2022-10-15', 'C001', '0'),
    ('2022-10-16', 'C001', '0'), ('2022-10-17', 'C001', '0'), ('2022-10-18', 'C001', '0'),
    ('2022-10-19', 'C001', '0'), ('2022-10-20', 'C001', '0'), ('2022-10-21', 'C001', '0'),
    ('2022-10-22', 'C001', '0'), ('2022-10-23', 'C001', '29.67'), ('2022-10-24', 'C001', '19.93'),
    ('2022-10-25', 'C001', '1.9'), ('2022-10-26', 'C001', '0'), ('2022-10-27', 'C001', '0'),
    ('2022-10-28', 'C001', '10.2'), ('2022-10-29', 'C001', '0'), ('2022-10-30', 'C001', '0'),
    ('2022-10-31', 'C001', '0'),
    ('2022-10-01', 'A001', '0'), ('2022-10-02', 'A001', '15.8'), ('2022-10-03', 'A001', '76'),
    ('2022-10-04', 'A001', '11.8'), ('2022-10-05', 'A001', '0.1'), ('2022-10-06', 'A001', '0'),
    ('2022-10-07', 'A001', '0'), ('2022-10-08', 'A001', '0'), ('2022-10-09', 'A001', '20.4'),
    ('2022-10-10', 'A001', '0'), ('2022-10-11', 'A001', '0'), ('2022-10-12', 'A001', '0'),
    ('2022-10-13', 'A001', '0'), ('2022-10-14', 'A001', '0'), ('2022-10-15', 'A001', '0'),
    ('2022-10-16', 'A001', '0'), ('2022-10-17', 'A001', '0'), ('2022-10-18', 'A001', '0'),
    ('2022-10-19', 'A001', '0'), ('2022-10-20', 'A001', '0'), ('2022-10-21', 'A001', '0'),
    ('2022-10-22', 'A001', '0'), ('2022-10-23', 'A001', '0'), ('2022-10-24', 'A001', '0'),
    ('2022-10-25', 'A001', '0'), ('2022-10-26', 'A001', '0'), ('2022-10-27', 'A001', '0'),
    ('2022-10-28', 'A001', '0'), ('2022-10-29', 'A001', '0'), ('2022-10-30', 'A001', '0'),
    ('2022-10-31', 'A001', '0'),
    ('2022-10-01', 'A004', '0'), ('2022-10-02', 'A004', '17.8'), ('2022-10-03', 'A004', '57.1'),
    ('2022-10-04', 'A004', '7'), ('2022-10-05', 'A004', '0'), ('2022-10-06', 'A004', '0'),
    ('2022-10-07', 'A004', '0'), ('2022-10-08', 'A004', '0'), ('2022-10-09', 'A004', '17.3'),
    ('2022-10-10', 'A004', '2.9'), ('2022-10-11', 'A004', '18.15'), ('2022-10-12', 'A004', '17.61'),
    ('2022-10-13', 'A004', '0'), ('2022-10-14', 'A004', '0'), ('2022-10-15', 'A004', '0'),
    ('2022-10-16', 'A004', '0'), ('2022-10-17', 'A004', '0'), ('2022-10-18', 'A004', '0'),
    ('2022-10-19', 'A004', '0'), ('2022-10-20', 'A004', '0'), ('2022-10-21', 'A004', '0'),
    ('2022-10-22', 'A004', '0'), ('2022-10-23', 'A004', '0'), ('2022-10-24', 'A004', '0'),
    ('2022-10-25', 'A004', '0'), ('2022-10-26', 'A004', '0'), ('2022-10-27', 'A004', '0'),
    ('2022-10-28', 'A004', '0'), ('2022-10-29', 'A004', '0'), ('2022-10-30', 'A004', '0'),
    ('2022-10-31', 'A004', '0'),
    ('2022-10-01', 'H004', '0'), ('2022-10-02', 'H004', '0'), ('2022-10-03', 'H004', '10.3'),
    ('2022-10-04', 'H004', '43.7'), ('2022-10-05', 'H004', '0'), ('2022-10-06', 'H004', '20.6'),
    ('2022-10-07', 'H004', '81.8'), ('2022-10-08', 'H004', '0'), ('2022-10-09', 'H004', '24'),
    ('2022-10-10', 'H004', '0.8'), ('2022-10-11', 'H004', '0'), ('2022-10-12', 'H004', '0'),
    ('2022-10-13', 'H004', '0'), ('2022-10-14', 'H004', '0'), ('2022-10-15', 'H004', '0'),
    ('2022-10-16', 'H004', '3.44'), ('2022-10-17', 'H004', '4.77'), ('2022-10-18', 'H004', '1.2'),
    ('2022-10-19', 'H004', '0'), ('2022-10-20', 'H004', '0'), ('2022-10-21', 'H004', '0'),
    ('2022-10-22', 'H004', '21'), ('2022-10-23', 'H004', '6.7'), ('2022-10-24', 'H004', '0.7'),
    ('2022-10-25', 'H004', '0'), ('2022-10-26', 'H004', '12.2'), ('2022-10-27', 'H004', '34.04'),
    ('2022-10-28', 'H004', '0'), ('2022-10-29', 'H004', '0'), ('2022-10-30', 'H004', '0'),
    ('2022-10-31', 'H004', '0'),
    ('2022-10-01', 'B002', '0'), ('2022-10-02', 'B002', '12'), ('2022-10-03', 'B002', '38.9'),
    ('2022-10-04', 'B002', '21.02'), ('2022-10-05', 'B002', '0'), ('2022-10-06', 'B002', '0'),
    ('2022-10-07', 'B002', '0'), ('2022-10-08', 'B002', '23'), ('2022-10-09', 'B002', '13.34'),
    ('2022-10-10', 'B002', '0'), ('2022-10-11', 'B002', '17.61'), ('2022-10-12', 'B002', '17.43'),
    ('2022-10-13', 'B002', '0'), ('2022-10-14', 'B002', '13.3'), ('2022-10-15', 'B002', '15.34'),
    ('2022-10-16', 'B002', '0'), ('2022-10-17', 'B002', '0'), ('2022-10-18', 'B002', '0'),
    ('2022-10-19', 'B002', '0'), ('2022-10-20', 'B002', '0'), ('2022-10-21', 'B002', '0'),
    ('2022-10-22', 'B002', '0'), ('2022-10-23', 'B002', '0'), ('2022-10-24', 'B002', '0'),
    ('2022-10-25', 'B002', '0'), ('2022-10-26', 'B002', '0'), ('2022-10-27', 'B002', '0'),
    ('2022-10-28', 'B002', '0'), ('2022-10-29', 'B002', '0'), ('2022-10-30', 'B002', '0'),
    ('2022-10-31', 'B002', '0'),
    ('2022-10-01', 'D002', '0'), ('2022-10-02', 'D002', '1.8'), ('2022-10-03', 'D002', '12.52'),
    ('2022-10-04', 'D002', '59'), ('2022-10-05', 'D002', '1.6'), ('2022-10-06', 'D002', '0'),
    ('2022-10-07', 'D002', '0.1'), ('2022-10-08', 'D002', '0'), ('2022-10-09', 'D002', '15'),
    ('2022-10-10', 'D002', '6.28'), ('2022-10-11', 'D002', '15.39'), ('2022-10-12', 'D002', '0'),
    ('2022-10-13', 'D002', '0'), ('2022-10-14', 'D002', '0'), ('2022-10-15', 'D002', '0'),
    ('2022-10-16', 'D002', '0'), ('2022-10-17', 'D002', '0'), ('2022-10-18', 'D002', '0'),
    ('2022-10-19', 'D002', '0'), ('2022-10-20', 'D002', '0'), ('2022-10-21', 'D002', '0'),
    ('2022-10-22', 'D002', '0'), ('2022-10-23', 'D002', '0'), ('2022-10-24', 'D002', '0'),
    ('2022-10-25', 'D002', '0'), ('2022-10-26', 'D002', '0'), ('2022-10-27', 'D002', '0'),
    ('2022-10-28', 'D002', '0'), ('2022-10-29', 'D002', '0'), ('2022-10-30', 'D002', '0'),
    ('2022-10-31', 'D002', '0'),
    ('2022-10-01', 'A006', '0'), ('2022-10-02', 'A006', '1'), ('2022-10-03', 'A006', '26.07'),
    ('2022-10-04', 'A006', '43.55'), ('2022-10-05', 'A006', '0'), ('2022-10-06', 'A006', '0'),
    ('2022-10-07', 'A006', '0'), ('2022-10-08', 'A006', '0'), ('2022-10-09', 'A006', '17.69'),
    ('2022-10-10', 'A006', '1.9'), ('2022-10-11', 'A006', '0'), ('2022-10-12', 'A006', '18.2'),
    ('2022-10-13', 'A006', '0'), ('2022-10-14', 'A006', '0'), ('2022-10-15', 'A006', '0'),
    ('2022-10-16', 'A006', '0'), ('2022-10-17', 'A006', '0'), ('2022-10-18', 'A006', '0'),
    ('2022-10-19', 'A006', '0'), ('2022-10-20', 'A006', '0'), ('2022-10-21', 'A006', '0'),
    ('2022-10-22', 'A006', '0'), ('2022-10-23', 'A006', '0.4'), ('2022-10-24', 'A006', '0'),
    ('2022-10-25', 'A006', '0'), ('2022-10-26', 'A006', '0'), ('2022-10-27', 'A006', '0'),
    ('2022-10-28', 'A006', '0'), ('2022-10-29', 'A006', '0'), ('2022-10-30', 'A006', '0'),
    ('2022-10-31', 'A006', '0'),
    ('2022-10-01', 'A003', '0'), ('2022-10-02', 'A003', '12'), ('2022-10-03', 'A003', '3.9'),
    ('2022-10-04', 'A003', '18'), ('2022-10-05', 'A003', '0'), ('2022-10-06', 'A003', '0.3'),
    ('2022-10-07', 'A003', '0'), ('2022-10-08', 'A003', '0'), ('2022-10-09', 'A003', '3.9'),
    ('2022-10-10', 'A003', '0'), ('2022-10-11', 'A003', '0'), ('2022-10-12', 'A003', '0'),
    ('2022-10-13', 'A003', '0'), ('2022-10-14', 'A003', '0'), ('2022-10-15', 'A003', '0'),
    ('2022-10-16', 'A003', '0'), ('2022-10-17', 'A003', '0'), ('2022-10-18', 'A003', '0'),
    ('2022-10-19', 'A003', '0'), ('2022-10-20', 'A003', '0'), ('2022-10-21', 'A003', '0'),
    ('2022-10-22', 'A003', '0.3'), ('2022-10-23', 'A003', '0'), ('2022-10-24', 'A003', '0'),
    ('2022-10-25', 'A003', '0'), ('2022-10-26', 'A003', '0'), ('2022-10-27', 'A003', '0'),
    ('2022-10-28', 'A003', '0'), ('2022-10-29', 'A003', '0'), ('2022-10-30', 'A003', '0'),
    ('2022-10-31', 'A003', '0'),
    ('2022-10-01', 'F005', '0'), ('2022-10-02', 'F005', '0'), ('2022-10-03', 'F005', '10.28'),
    ('2022-10-04', 'F005', '23.43'), ('2022-10-05', 'F005', '0'), ('2022-10-06', 'F005', '0'),
    ('2022-10-07', 'F005', '0'), ('2022-10-08', 'F005', '0'), ('2022-10-09', 'F005', '10.9'),
    ('2022-10-10', 'F005', '7'), ('2022-10-11', 'F005', '0.2'), ('2022-10-12', 'F005', '0'),
    ('2022-10-13', 'F005', '0'), ('2022-10-14', 'F005', '0'), ('2022-10-15', 'F005', '0'),
    ('2022-10-16', 'F005', '0'), ('2022-10-17', 'F005', '0'), ('2022-10-18', 'F005', '0'),
    ('2022-10-19', 'F005', '0'), ('2022-10-20', 'F005', '0'), ('2022-10-21', 'F005', '0'),
    ('2022-10-22', 'F005', '0'), ('2022-10-23', 'F005', '0'), ('2022-10-24', 'F005', '0'),
    ('2022-10-25', 'F005', '0'), ('2022-10-26', 'F005', '0'), ('2022-10-27', 'F005', '0'),
    ('2022-10-28', 'F005', '0'), ('2022-10-29', 'F005', '0'), ('2022-10-30', 'F005', '0.7'),
    ('2022-10-31', 'F005', '0');


/*insert values for uvtable*/
INSERT INTO uvtable (uvdate, region_code, insolation) 
    VALUES ('2022-10-01', 'B005', '8.34'), ('2022-10-02', 'B005', '3.13'), ('2022-10-03', 'B005', '2.07'),
    ('2022-10-04', 'B005', '7.22'), ('2022-10-05', 'B005', '13.91'), ('2022-10-06', 'B005', '11.2'),
    ('2022-10-07', 'B005', '14.89'), ('2022-10-08', 'B005', '14.89'), ('2022-10-09', 'B005', '2.21'),
    ('2022-10-10', 'B005', '9.41'), ('2022-10-11', 'B005', '17.74'), ('2022-10-12', 'B005', '17.21'),
    ('2022-10-13', 'B005', '16.89'), ('2022-10-14', 'B005', '11.87'), ('2022-10-15', 'B005', '15.56'),
    ('2022-10-16', 'B005', '4.44'), ('2022-10-17', 'B005', '17.82'), ('2022-10-18', 'B005', '17.33'),
    ('2022-10-19', 'B005', '16.57'), ('2022-10-20', 'B005', '16.2'), ('2022-10-21', 'B005', '14.05'),
    ('2022-10-22', 'B005', '13.85'), ('2022-10-23', 'B005', '15.22'), ('2022-10-24', 'B005', '16.09'),
    ('2022-10-25', 'B005', '15.43'), ('2022-10-26', 'B005', '13.52'), ('2022-10-27', 'B005', '13.16'),
    ('2022-10-28', 'B005', '13.73'), ('2022-10-29', 'B005', '13.71'), ('2022-10-30', 'B005', '12.23'),
    ('2022-10-31', 'B005', '12.23'),
    ('2022-10-01', 'C004', '13.32'), ('2022-10-02', 'C004', '3.92'), ('2022-10-03', 'C004', '1.72'),
    ('2022-10-04', 'C004', '5.58'), ('2022-10-05', 'C004', '10.79'), ('2022-10-06', 'C004', '10.3'),
    ('2022-10-07', 'C004', '10.3'), ('2022-10-08', 'C004', '17.45'), ('2022-10-09', 'C004', '3.56'),
    ('2022-10-10', 'C004', '8.35'), ('2022-10-11', 'C004', '15.88'), ('2022-10-12', 'C004', '16.1'),
    ('2022-10-13', 'C004', '13.15'), ('2022-10-14', 'C004', '9.96'), ('2022-10-15', 'C004', '11.38'),
    ('2022-10-16', 'C004', '5.62'), ('2022-10-17', 'C004', '16.75'), ('2022-10-18', 'C004', '15.7'),
    ('2022-10-19', 'C004', '13.53'), ('2022-10-20', 'C004', '13.18'), ('2022-10-21', 'C004', '11.37'),
    ('2022-10-22', 'C004', '13.85'), ('2022-10-23', 'C004', '15.22'), ('2022-10-24', 'C004', '16.09'),
    ('2022-10-25', 'C004', '13.33'), ('2022-10-26', 'C004', '9.43'), ('2022-10-27', 'C004', '13.38'),
    ('2022-10-28', 'C004', '13.56'), ('2022-10-29', 'C004', '13.07'), ('2022-10-30', 'C004', '12.93'),
    ('2022-10-31', 'C004', '12.28'),
    ('2022-10-01', 'C001', '21.19'), ('2022-10-02', 'C001', '4.31'), ('2022-10-03', 'C001', '5.9'),
    ('2022-10-04', 'C001', '3.41'), ('2022-10-05', 'C001', '2.81'), ('2022-10-06', 'C001', '2.34'),
    ('2022-10-07', 'C001', '4.26'), ('2022-10-08', 'C001', '11.7'), ('2022-10-09', 'C001', '8.99'),
    ('2022-10-10', 'C001', '20.66'), ('2022-10-11', 'C001', '20.2'), ('2022-10-12', 'C001', '20.28'),
    ('2022-10-13', 'C001', '20.43'), ('2022-10-14', 'C001', '16.28'), ('2022-10-15', 'C001', '19.29'),
    ('2022-10-16', 'C001', '5.15'), ('2022-10-17', 'C001', '9.43'), ('2022-10-18', 'C001', '18.33'),
    ('2022-10-19', 'C001', '19.82'), ('2022-10-20', 'C001', '20.12'), ('2022-10-21', 'C001', '7.56'),
    ('2022-10-22', 'C001', '17.37'), ('2022-10-23', 'C001', '2.67'), ('2022-10-24', 'C001', '3.93'),
    ('2022-10-25', 'C001', '6.32'), ('2022-10-26', 'C001', '17.16'), ('2022-10-27', 'C001', '15.47'),
    ('2022-10-28', 'C001', '2.17'), ('2022-10-29', 'C001', '8.18'), ('2022-10-30', 'C001', '7.32'),
    ('2022-10-31', 'C001', '14.29'),
    ('2022-10-01', 'A001', '17.31'), ('2022-10-02', 'A001', '3.8'), ('2022-10-03', 'A001', '1.06'),
    ('2022-10-04', 'A001', '6.5'), ('2022-10-05', 'A001', '15.62'), ('2022-10-06', 'A001', '7.74'),
    ('2022-10-07', 'A001', '15.08'), ('2022-10-08', 'A001', '18.48'), ('2022-10-09', 'A001', '2.4'),
    ('2022-10-10', 'A001', '9.31'), ('2022-10-11', 'A001', '18.72'), ('2022-10-12', 'A001', '18.13'),
    ('2022-10-13', 'A001', '17.98'), ('2022-10-14', 'A001', '13.52'), ('2022-10-15', 'A001', '16.21'),
    ('2022-10-16', 'A001', '6.15'), ('2022-10-17', 'A001', '18.79'), ('2022-10-18', 'A001', '18.27'),
    ('2022-10-19', 'A001', '17.78'), ('2022-10-20', 'A001', '17.2'), ('2022-10-21', 'A001', '15.16'),
    ('2022-10-22', 'A001', '14.93'), ('2022-10-23', 'A001', '14.04'), ('2022-10-24', 'A001', '16.88'),
    ('2022-10-25', 'A001', '16.37'), ('2022-10-26', 'A001', '12.66'), ('2022-10-27', 'A001', '14.31'),
    ('2022-10-28', 'A001', '14.35'), ('2022-10-29', 'A001', '14.64'), ('2022-10-30', 'A001', '13.64'),
    ('2022-10-31', 'A001', '13.19'),
    ('2022-10-01', 'A004', '15.52'), ('2022-10-02', 'A004', '5.48'), ('2022-10-03', 'A004', '0.96'),
    ('2022-10-04', 'A004', '15.98'), ('2022-10-05', 'A004', '17.17'), ('2022-10-06', 'A004', '13.04'),
    ('2022-10-07', 'A004', '18.61'), ('2022-10-08', 'A004', '17.71'), ('2022-10-09', 'A004', '2.47'),
    ('2022-10-10', 'A004', '9.41'), ('2022-10-11', 'A004', '18.15'), ('2022-10-12', 'A004', '17.61'),
    ('2022-10-13', 'A004', '17.26'), ('2022-10-14', 'A004', '13.6'), ('2022-10-15', 'A004', '16.11'),
    ('2022-10-16', 'A004', '5.96'), ('2022-10-17', 'A004', '18.07'), ('2022-10-18', 'A004', '17.56'),
    ('2022-10-19', 'A004', '16.89'), ('2022-10-20', 'A004', '16.26'), ('2022-10-21', 'A004', '14.44'),
    ('2022-10-22', 'A004', '14.71'), ('2022-10-23', 'A004', '16.18'), ('2022-10-24', 'A004', '16.37'),
    ('2022-10-25', 'A004', '15.5'), ('2022-10-26', 'A004', '12.22'), ('2022-10-27', 'A004', '13.88'),
    ('2022-10-28', 'A004', '13.18'), ('2022-10-29', 'A004', '13.71'), ('2022-10-30', 'A004', '13.45'),
    ('2022-10-31', 'A004', '13.2'),
    ('2022-10-01', 'H004', '20.49'), ('2022-10-02', 'H004', '6.52'), ('2022-10-03', 'H004', '3.3'),
    ('2022-10-04', 'H004', '3.32'), ('2022-10-05', 'H004', '4.98'), ('2022-10-06', 'H004', '2.15'),
    ('2022-10-07', 'H004', '4.02'), ('2022-10-08', 'H004', '19.62'), ('2022-10-09', 'H004', '4.75'),
    ('2022-10-10', 'H004', '17.11'), ('2022-10-11', 'H004', '10.57'), ('2022-10-12', 'H004', '16.48'),
    ('2022-10-13', 'H004', '18.49'), ('2022-10-14', 'H004', '12.96'), ('2022-10-15', 'H004', '15.94'),
    ('2022-10-16', 'H004', '10.44'), ('2022-10-17', 'H004', '10.77'), ('2022-10-18', 'H004', '10.2'),
    ('2022-10-19', 'H004', '15.31'), ('2022-10-20', 'H004', '17.19'), ('2022-10-21', 'H004', '17.25'),
    ('2022-10-22', 'H004', '15.51'), ('2022-10-23', 'H004', '2.67'), ('2022-10-24', 'H004', '8.14'),
    ('2022-10-25', 'H004', '11.38'), ('2022-10-26', 'H004', '14.43'), ('2022-10-27', 'H004', '9.04'),
    ('2022-10-28', 'H004', '8.34'), ('2022-10-29', 'H004', '11.38'), ('2022-10-30', 'H004', '14.93'),
    ('2022-10-31', 'H004', '9.04'),
    ('2022-10-01', 'B002', '13.57'), ('2022-10-02', 'B002', '5.85'), ('2022-10-03', 'B002', '0.9'),
    ('2022-10-04', 'B002', '12.02'), ('2022-10-05', 'B002', '14.65'), ('2022-10-06', 'B002', '10.72'),
    ('2022-10-07', 'B002', '16.89'), ('2022-10-08', 'B002', '16.65'), ('2022-10-09', 'B002', '2.34'),
    ('2022-10-10', 'B002', '7.54'), ('2022-10-11', 'B002', '17.61'), ('2022-10-12', 'B002', '17.43'),
    ('2022-10-13', 'B002', '17.39'), ('2022-10-14', 'B002', '13.3'), ('2022-10-15', 'B002', '15.34'),
    ('2022-10-16', 'B002', '5.8'), ('2022-10-17', 'B002', '17.7'), ('2022-10-18', 'B002', '17.14'),
    ('2022-10-19', 'B002', '16.41'), ('2022-10-20', 'B002', '15.96'), ('2022-10-21', 'B002', '13.56'),
    ('2022-10-22', 'B002', '14.44'), ('2022-10-23', 'B002', '14.33'), ('2022-10-24', 'B002', '15.51'),
    ('2022-10-25', 'B002', '15.46'), ('2022-10-26', 'B002', '12.77'), ('2022-10-27', 'B002', '13.47'),
    ('2022-10-28', 'B002', '13.68'), ('2022-10-29', 'B002', '13.54'), ('2022-10-30', 'B002', '13.27'),
    ('2022-10-31', 'B002', '13.16'),
    ('2022-10-01', 'D002', '15.59'), ('2022-10-02', 'D002', '4.8'), ('2022-10-03', 'D002', '2.52'),
    ('2022-10-04', 'D002', '1.8'), ('2022-10-05', 'D002', '15.96'), ('2022-10-06', 'D002', '9.3'),
    ('2022-10-07', 'D002', '7.71'), ('2022-10-08', 'D002', '19'), ('2022-10-09', 'D002', '4.69'),
    ('2022-10-10', 'D002', '6.28'), ('2022-10-11', 'D002', '15.39'), ('2022-10-12', 'D002', '17.65'),
    ('2022-10-13', 'D002', '17.68'), ('2022-10-14', 'D002', '13.78'), ('2022-10-15', 'D002', '16.31'),
    ('2022-10-16', 'D002', '8.02'), ('2022-10-17', 'D002', '16.82'), ('2022-10-18', 'D002', '17.2'),
    ('2022-10-19', 'D002', '16.52'), ('2022-10-20', 'D002', '16.48'), ('2022-10-21', 'D002', '12.43'),
    ('2022-10-22', 'D002', '13.73'), ('2022-10-23', 'D002', '12.47'), ('2022-10-24', 'D002', '12.48'),
    ('2022-10-25', 'D002', '15.97'), ('2022-10-26', 'D002', '14.5'), ('2022-10-27', 'D002', '15.59'),
    ('2022-10-28', 'D002', '12.47'), ('2022-10-29', 'D002', '14.26'), ('2022-10-30', 'D002', '11.93'),
    ('2022-10-31', 'D002', '13.02'),
    ('2022-10-01', 'A006', '17.43'), ('2022-10-02', 'A006', '11.39'), ('2022-10-03', 'A006', '6.07'),
    ('2022-10-04', 'A006', '9.55'), ('2022-10-05', 'A006', '14.28'), ('2022-10-06', 'A006', '10.3'),
    ('2022-10-07', 'A006', '15.39'), ('2022-10-08', 'A006', '18.69'), ('2022-10-09', 'A006', '3.69'),
    ('2022-10-10', 'A006', '11.9'), ('2022-10-11', 'A006', '17.78'), ('2022-10-12', 'A006', '18.2'),
    ('2022-10-13', 'A006', '18.04'), ('2022-10-14', 'A006', '15.57'), ('2022-10-15', 'A006', '15.1'),
    ('2022-10-16', 'A006', '10.5'), ('2022-10-17', 'A006', '17.65'), ('2022-10-18', 'A006', '18.04'),
    ('2022-10-19', 'A006', '15.52'), ('2022-10-20', 'A006', '15.1'), ('2022-10-21', 'A006', '10.5'),
    ('2022-10-22', 'A006', '17.65'), ('2022-10-23', 'A006', '18.04'), ('2022-10-24', 'A006', '17.56'),
    ('2022-10-25', 'A006', '16.19'), ('2022-10-26', 'A006', '14.24'), ('2022-10-27', 'A006', '14.73'),
    ('2022-10-28', 'A006', '13.16'), ('2022-10-29', 'A006', '14.48'), ('2022-10-30', 'A006', '14.77'),
    ('2022-10-31', 'A006', '14.59'),
    ('2022-10-01', 'A003', '18.43'), ('2022-10-02', 'A003', '15.48'), ('2022-10-03', 'A003', '10'),
    ('2022-10-04', 'A003', '6.19'), ('2022-10-05', 'A003', '13.84'), ('2022-10-06', 'A003', '12.69'),
    ('2022-10-07', 'A003', '10.21'), ('2022-10-08', 'A003', '19.18'), ('2022-10-09', 'A003', '5.9'),
    ('2022-10-10', 'A003', '19.33'), ('2022-10-11', 'A003', '17.64'), ('2022-10-12', 'A003', '17.2'),
    ('2022-10-13', 'A003', '16.56'), ('2022-10-14', 'A003', '15.2'), ('2022-10-15', 'A003', '17.98'),
    ('2022-10-16', 'A003', '17.35'), ('2022-10-17', 'A003', '16.95'), ('2022-10-18', 'A003', '18.2'),
    ('2022-10-19', 'A003', '18.18'), ('2022-10-20', 'A003', '17.54'), ('2022-10-21', 'A003', '11.5'),
    ('2022-10-22', 'A003', '15.87'), ('2022-10-23', 'A003', '14.04'), ('2022-10-24', 'A003', '13.56'),
    ('2022-10-25', 'A003', '13.19'), ('2022-10-26', 'A003', '15.24'), ('2022-10-27', 'A003', '14.73'),
    ('2022-10-28', 'A003', '13.46'), ('2022-10-29', 'A003', '11.48'), ('2022-10-30', 'A003', '15.17'),
    ('2022-10-31', 'A003', '15.59'),
    ('2022-10-01', 'F005', '18.09'), ('2022-10-02', 'F005', '15.16'), ('2022-10-03', 'F005', '6.28'),
    ('2022-10-04', 'F005', '3.43'), ('2022-10-05', 'F005', '17'), ('2022-10-06', 'F005', '12.9'),
    ('2022-10-07', 'F005', '16.08'), ('2022-10-08', 'F005', '16.18'), ('2022-10-09', 'F005', '3.9'),
    ('2022-10-10', 'F005', '11.33'), ('2022-10-11', 'F005', '17.64'), ('2022-10-12', 'F005', '18.64'),
    ('2022-10-13', 'F005', '18.2'), ('2022-10-14', 'F005', '15.96'), ('2022-10-15', 'F005', '15.98'),
    ('2022-10-16', 'F005', '16.63'), ('2022-10-17', 'F005', '17.95'), ('2022-10-18', 'F005', '17.2'),
    ('2022-10-19', 'F005', '17.39'), ('2022-10-20', 'F005', '9.56'), ('2022-10-21', 'F005', '15.5'),
    ('2022-10-22', 'F005', '15.14'), ('2022-10-23', 'F005', '14.04'), ('2022-10-24', 'F005', '14.56'),
    ('2022-10-25', 'F005', '13.9'), ('2022-10-26', 'F005', '19.24'), ('2022-10-27', 'F005', '18.73'),
    ('2022-10-28', 'F005', '8.46'), ('2022-10-29', 'F005', '6.48'), ('2022-10-30', 'F005', '14.17'),
    ('2022-10-31', 'F005', '13.59');

/*typhoon(typhoon_name, country, used)*/
insert into typhoon values ('DAMREY', 'Cambodia', TRUE);
insert into typhoon values ('Kong-rey', 'Cambodia', TRUE);
insert into typhoon values ('Nakri', 'Cambodia', TRUE);
insert into typhoon values ('Krovanh', 'Cambodia', TRUE);
insert into typhoon values ('Trases', 'Cambodia', TRUE);
insert into typhoon values ('Ampil', 'Cambodia', TRUE);
insert into typhoon values ('Krosa', 'Cambodia', TRUE);
insert into typhoon values ('Maysak', 'Cambodia', TRUE);
insert into typhoon values ('Chanthu', 'Cambodia', TRUE);
insert into typhoon values ('Nesat', 'Cambodia', TRUE);
insert into typhoon values ('Haikui', 'China', TRUE);
insert into typhoon values ('Yinxing', 'China', FALSE);
insert into typhoon values ('Fengshen', 'China', TRUE);
insert into typhoon values ('Dujuan', 'China', TRUE);
insert into typhoon values ('Mulan', 'China', TRUE);
insert into typhoon values ('Wukong', 'China', TRUE);
insert into typhoon values ('Bailu', 'China', TRUE);
insert into typhoon values ('Haishen', 'China', TRUE);
insert into typhoon values ('Dianmu', 'China', TRUE);
insert into typhoon values ('Haitang', 'China', TRUE);
insert into typhoon values ('Kirogi', 'North Korea', TRUE);
insert into typhoon values ('Toraji', 'North Korea', TRUE);
insert into typhoon values ('Kalmaegi', 'North Korea', TRUE);
insert into typhoon values ('Surigae', 'North Korea', TRUE);
insert into typhoon values ('Meari', 'North Korea', TRUE);
insert into typhoon values ('Jongdari', 'North Korea', TRUE);
insert into typhoon values ('Podul', 'North Korea', TRUE);
insert into typhoon values ('Noul', 'North Korea', TRUE);
insert into typhoon values ('Mindulle', 'North Korea', TRUE);
insert into typhoon values ('Nalgae', 'North Korea', TRUE);
insert into typhoon values ('Yun-yeung', 'Hong Kong', FALSE);
insert into typhoon values ('Man-yi', 'Hong Kong', TRUE);
insert into typhoon values ('Fung-wong', 'Hong Kong', TRUE);
insert into typhoon values ('Choi-wan', 'Hong Kong', TRUE);
insert into typhoon values ('Ma-on', 'Hong Kong', TRUE);
insert into typhoon values ('Shanshan', 'Hong Kong', TRUE);
insert into typhoon values ('Lingling', 'Hong Kong', TRUE);
insert into typhoon values ('Dolphin', 'Hong Kong', TRUE);
insert into typhoon values ('Lionrock', 'Hong Kong', TRUE);
insert into typhoon values ('Banyan', 'Hong Kong', TRUE);
insert into typhoon values ('Koinu', 'Japan', FALSE);
insert into typhoon values ('Usagi', 'Japan', TRUE);
insert into typhoon values ('Koto', 'Japan', FALSE);
insert into typhoon values ('Koguma', 'Japan', TRUE);
insert into typhoon values ('Tokage', 'Japan', TRUE);
insert into typhoon values ('Yagi', 'Japan', TRUE);
insert into typhoon values ('Kajiki', 'Japan', TRUE);
insert into typhoon values ('Kujira', 'Japan', TRUE);
insert into typhoon values ('Kompasu', 'Japan', TRUE);
insert into typhoon values ('Yamaneko', 'Japan', FALSE);
insert into typhoon values ('Bolaven', 'Laos', TRUE);
insert into typhoon values ('Pabuk', 'Laos', TRUE);
insert into typhoon values ('Nokaen', 'Laos', FALSE);
insert into typhoon values ('Champi', 'Laos', TRUE);
insert into typhoon values ('Hinnamnor', 'Laos', TRUE);
insert into typhoon values ('Leepi', 'Laos', TRUE);
insert into typhoon values ('Nongfa', 'Laos', FALSE);
insert into typhoon values ('Chan-hom', 'Laos', TRUE);
insert into typhoon values ('Namtheun', 'Laos', TRUE);
insert into typhoon values ('Pakhar', 'Laos', TRUE);
insert into typhoon values ('Sanba', 'Macau', TRUE);
insert into typhoon values ('Wutip', 'Macau', TRUE);
insert into typhoon values ('Penha', 'Macau', FALSE);
insert into typhoon values ('In-fa', 'Macau', TRUE);
insert into typhoon values ('Muifa', 'Macau', TRUE);
insert into typhoon values ('Bebinca', 'Macau', TRUE);
insert into typhoon values ('Peipah', 'Macau', TRUE);
insert into typhoon values ('Peilou', 'Macau', FALSE);
insert into typhoon values ('Malou', 'Macau', TRUE);
insert into typhoon values ('Sanvu', 'Macau', TRUE);
insert into typhoon values ('Jelawat', 'Malaysia', TRUE);
insert into typhoon values ('Sepat', 'Malaysia', TRUE);
insert into typhoon values ('Nuri', 'Malaysia', TRUE);
insert into typhoon values ('Cempaka', 'Malaysia', TRUE);
insert into typhoon values ('Merbok', 'Malaysia', TRUE);
insert into typhoon values ('Pulasan', 'Malaysia', FALSE);
insert into typhoon values ('Tapah', 'Malaysia', TRUE);
insert into typhoon values ('Nangka', 'Malaysia', TRUE);
insert into typhoon values ('Nyatoh', 'Malaysia', TRUE);
insert into typhoon values ('Mawar', 'Malaysia', TRUE);
insert into typhoon values ('Ewiniar', 'Micronesia', TRUE);
insert into typhoon values ('Mun', 'Micronesia', TRUE);
insert into typhoon values ('Sinlaku', 'Micronesia', TRUE);
insert into typhoon values ('Nepartak', 'Micronesia', TRUE);
insert into typhoon values ('Nanmadol', 'Micronesia', TRUE);
insert into typhoon values ('Soulik', 'Micronesia', TRUE);
insert into typhoon values ('Mitag', 'Micronesia', TRUE);
insert into typhoon values ('Saudel', 'Micronesia', TRUE);
insert into typhoon values ('Rai', 'Micronesia', TRUE);
insert into typhoon values ('Guchol', 'Micronesia', TRUE);
insert into typhoon values ('Maliksi', 'Philippine', TRUE);
insert into typhoon values ('Danas', 'Philippine', TRUE);
insert into typhoon values ('Hagupit', 'Philippine', TRUE);
insert into typhoon values ('Lupit', 'Philippine', TRUE);
insert into typhoon values ('Talas', 'Philippine', TRUE);
insert into typhoon values ('Cimaron', 'Philippine', TRUE);
insert into typhoon values ('Ragasa', 'Philippine', FALSE);
insert into typhoon values ('Narra', 'Philippine', FALSE);
insert into typhoon values ('Malakas', 'Philippine', TRUE);
insert into typhoon values ('Talim', 'Philippine', TRUE);
insert into typhoon values ('Gaemi', 'South Korea', TRUE);
insert into typhoon values ('Nari', 'South Korea', TRUE);
insert into typhoon values ('Jangmi', 'South Korea', TRUE);
insert into typhoon values ('Mirinae', 'South Korea', TRUE);
insert into typhoon values ('Noru', 'South Korea', TRUE);
insert into typhoon values ('Jebi', 'South Korea', TRUE);
insert into typhoon values ('Neoguri', 'South Korea', TRUE);
insert into typhoon values ('Gaenari', 'South Korea', FALSE);
insert into typhoon values ('Megi', 'South Korea', TRUE);
insert into typhoon values ('Doksuri', 'South Korea', TRUE);
insert into typhoon values ('Prapiroon', 'Thailand', TRUE);
insert into typhoon values ('Wipha', 'Thailand', TRUE);
insert into typhoon values ('Mekkhala', 'Thailand', TRUE);
insert into typhoon values ('Nida', 'Thailand', TRUE);
insert into typhoon values ('Kulap', 'Thailand', TRUE);
insert into typhoon values ('Krathon', 'Thailand', FALSE);
insert into typhoon values ('Bualoi', 'Thailand', TRUE);
insert into typhoon values ('Atsani', 'Thailand', TRUE);
insert into typhoon values ('Chaba', 'Thailand', TRUE);
insert into typhoon values ('Khanun', 'Thailand', TRUE);
insert into typhoon values ('Maria', 'USA', TRUE);
insert into typhoon values ('Francisco', 'USA', TRUE);
insert into typhoon values ('Higos', 'USA', TRUE);
insert into typhoon values ('Omais', 'USA', TRUE);
insert into typhoon values ('Roke', 'USA', TRUE);
insert into typhoon values ('Barijat', 'USA', TRUE);
insert into typhoon values ('Matmo', 'USA', TRUE);
insert into typhoon values ('Etau', 'USA', TRUE);
insert into typhoon values ('Aere', 'USA', TRUE);
insert into typhoon values ('Lan', 'USA', TRUE);
insert into typhoon values ('Son-Tinh', 'Vietnam', TRUE);
insert into typhoon values ('Co-May', 'Vietnam', FALSE);
insert into typhoon values ('Bavi', 'Vietnam', TRUE);
insert into typhoon values ('Conson', 'Vietnam', TRUE);
insert into typhoon values ('Sonca', 'Vietnam', TRUE);
insert into typhoon values ('Trami', 'Vietnam', TRUE);
insert into typhoon values ('Halong', 'Vietnam', TRUE);
insert into typhoon values ('Bang-lang', 'Vietnam', FALSE);
insert into typhoon values ('Songda', 'Vietnam', TRUE);
insert into typhoon values ('Saola', 'Vietnam', TRUE);



/*temperature(mdate, region_code, avg_temperature, min_temperature, max_temperature)*/
insert into temperature values ('2022-10-01', 'C002', 23.4, 18.1, 29.9);
insert into temperature values ('2022-10-02', 'C002', 19.3, 17, 22.4);
insert into temperature values ('2022-10-03', 'C002', 18.7, 16, 21.2);
insert into temperature values ('2022-10-04', 'C002', 15.5, 12.5, 19.7);
insert into temperature values ('2022-10-05', 'C002', 12.1, 11.6, 13.3);
insert into temperature values ('2022-10-06', 'C002', 12.5, 11.7, 14);
insert into temperature values ('2022-10-07', 'C002', 11.9, 9.9, 14.2);
insert into temperature values ('2022-10-08', 'C002', 13.6, 8.9, 18);
insert into temperature values ('2022-10-09', 'C002', 13.5, 9.9, 19.2);
insert into temperature values ('2022-10-10', 'C002', 11.4, 8, 14.5);
insert into temperature values ('2022-10-11', 'C002', 12.8, 7.3, 18.9);
insert into temperature values ('2022-10-12', 'C002', 13.7, 8.5, 19.2);
insert into temperature values ('2022-10-13', 'C002', 14.7, 10, 20.6);
insert into temperature values ('2022-10-14', 'C002', 15.6, 10.8, 20.7);
insert into temperature values ('2022-10-15', 'C002', 16.8, 12, 21.5);
insert into temperature values ('2022-10-16', 'C002', 16.7, 13.4, 20.5);
insert into temperature values ('2022-10-17', 'C002', 13.3, 7.6, 18.8);
insert into temperature values ('2022-10-18', 'C002', 10, 6, 14.3);
insert into temperature values ('2022-10-19', 'C002', 10.5, 6.4, 15.7);
insert into temperature values ('2022-10-20', 'C002', 14, 7.5, 20.7);
insert into temperature values ('2022-10-21', 'C002', 18.2, 11.6, 22.4);
insert into temperature values ('2022-10-22', 'C002', 18.4, 15.5, 23.7);
insert into temperature values ('2022-10-23', 'C002', 11.8, 7.9, 16.9);
insert into temperature values ('2022-10-24', 'C002', 7.9, 5.6, 10.9);
insert into temperature values ('2022-10-25', 'C002', 9.5, 5.2, 13.4);
insert into temperature values ('2022-10-26', 'C002', 11.9, 4.8, 17.8);
insert into temperature values ('2022-10-27', 'C002', 14.8, 10.2, 19.4);
insert into temperature values ('2022-10-28', 'C002', 12.5, 11, 14.4);
insert into temperature values ('2022-10-29', 'C002', 11.3, 8.4, 15.7);
insert into temperature values ('2022-10-30', 'C002', 11.9, 8.9, 15.5);
insert into temperature values ('2022-10-31', 'C002', 12.7, 8.1, 18);
insert into temperature values ('2022-10-01', 'B005', 17.2, 11.1, 25.3);
insert into temperature values ('2022-10-02', 'B005', 17, 14.1, 21.5);
insert into temperature values ('2022-10-03', 'B005', 19.1, 15.6, 22.5);
insert into temperature values ('2022-10-04', 'B005', 16.7, 12.6, 21.2);
insert into temperature values ('2022-10-05', 'B005', 14.7, 11.6, 20.1);
insert into temperature values ('2022-10-06', 'B005', 13.8, 9.3, 19);
insert into temperature values ('2022-10-07', 'B005', 11.4, 6.3, 18.9);
insert into temperature values ('2022-10-08', 'B005', 12.5, 6.5, 20.6);
insert into temperature values ('2022-10-09', 'B005', 11.3, 8, 12.9);
insert into temperature values ('2022-10-10', 'B005', 8.4, 6.5, 11.6);
insert into temperature values ('2022-10-11', 'B005', 9.3, 3.9, 16.2);
insert into temperature values ('2022-10-12', 'B005', 10.3, 3.5, 19.8);
insert into temperature values ('2022-10-13', 'B005', 13, 6.8, 21.5);
insert into temperature values ('2022-10-14', 'B005', 14.3, 8.8, 21.5);
insert into temperature values ('2022-10-15', 'B005', 14.6, 8.3, 23.1);
insert into temperature values ('2022-10-16', 'B005', 12.8, 10.3, 17);
insert into temperature values ('2022-10-17', 'B005', 8.6, 2.2, 14.2);
insert into temperature values ('2022-10-18', 'B005', 6, -0.7, 13.9);
insert into temperature values ('2022-10-19', 'B005', 6.6, -1.4, 17.1);
insert into temperature values ('2022-10-20', 'B005', 9, 0.3, 18.8);
insert into temperature values ('2022-10-21', 'B005', 10, 4.8, 19.5);
insert into temperature values ('2022-10-22', 'B005', 12.3, 5, 19.7);
insert into temperature values ('2022-10-23', 'B005', 11.3, 5.6, 18.5);
insert into temperature values ('2022-10-24', 'B005', 7.7, 2, 14.7);
insert into temperature values ('2022-10-25', 'B005', 7.5, 0.1, 16.5);
insert into temperature values ('2022-10-26', 'B005', 9.2, 2.2, 18);
insert into temperature values ('2022-10-27', 'B005', 9.5, 2.4, 18.7);
insert into temperature values ('2022-10-28', 'B005', 10.5, 3.2, 19.6);
insert into temperature values ('2022-10-29', 'B005', 11.7, 6.3, 19.8);
insert into temperature values ('2022-10-30', 'B005', 11.9, 5.8, 20.3);
insert into temperature values ('2022-10-31', 'B005', 11.6, 6.5, 19.7);
insert into temperature values ('2022-10-01', 'A001', 20.9, 14.4, 27.6);
insert into temperature values ('2022-10-02', 'A001', 19.4, 17.2, 21.6);
insert into temperature values ('2022-10-03', 'A001', 21.4, 17.5, 23.4);
insert into temperature values ('2022-10-04', 'A001', 17.9, 14.2, 23);
insert into temperature values ('2022-10-05', 'A001', 16.6, 14.1, 21.6);
insert into temperature values ('2022-10-06', 'A001', 15.8, 12.7, 19.1);
insert into temperature values ('2022-10-07', 'A001', 14.3, 11, 18.6);
insert into temperature values ('2022-10-08', 'A001', 15.8, 11.1, 21.6);
insert into temperature values ('2022-10-09', 'A001', 13.1, 10.7, 14.5);
insert into temperature values ('2022-10-10', 'A001', 9.9, 8.2, 11.9);
insert into temperature values ('2022-10-11', 'A001', 11.1, 7.4, 16.4);
insert into temperature values ('2022-10-12', 'A001', 13.5, 6.5, 20.6);
insert into temperature values ('2022-10-13', 'A001', 16.3, 10.7, 22.7);
insert into temperature values ('2022-10-14', 'A001', 17.1, 12.4, 23);
insert into temperature values ('2022-10-15', 'A001', 18.2, 12.6, 24.4);
insert into temperature values ('2022-10-16', 'A001', 16.9, 15.1, 20.5);
insert into temperature values ('2022-10-17', 'A001', 11.2, 7.4, 15.1);
insert into temperature values ('2022-10-18', 'A001', 9.4, 5, 14.2);
insert into temperature values ('2022-10-19', 'A001', 10.5, 4.4, 16.8);
insert into temperature values ('2022-10-20', 'A001', 12.9, 6, 19.7);
insert into temperature values ('2022-10-21', 'A001', 14, 8.8, 20.9);
insert into temperature values ('2022-10-22', 'A001', 15.1, 10.5, 20.8);
insert into temperature values ('2022-10-23', 'A001', 14, 10.4, 18.6);
insert into temperature values ('2022-10-24', 'A001', 10.6, 7.5, 14.8);
insert into temperature values ('2022-10-25', 'A001', 11.3, 5.9, 17.6);
insert into temperature values ('2022-10-26', 'A001', 12.9, 8, 17.8);
insert into temperature values ('2022-10-27', 'A001', 13.2, 8.6, 18.9);
insert into temperature values ('2022-10-28', 'A001', 13.6, 8.2, 20.6);
insert into temperature values ('2022-10-29', 'A001', 14.8, 10.2, 21.3);
insert into temperature values ('2022-10-30', 'A001', 14.9, 10.4, 21.3);
insert into temperature values ('2022-10-31', 'A001', 14.9, 11.2, 21.1);
insert into temperature values ('2022-10-01', 'A004', 19.6, 15.4, 22.8);
insert into temperature values ('2022-10-02', 'A004', 20, 17.6, 23.2);
insert into temperature values ('2022-10-03', 'A004', 21.9, 19.2, 22.8);
insert into temperature values ('2022-10-04', 'A004', 17, 12.6, 22.2);
insert into temperature values ('2022-10-05', 'A004', 15.5, 12.3, 18.8);
insert into temperature values ('2022-10-06', 'A004', 15.5, 11.9, 19.2);
insert into temperature values ('2022-10-07', 'A004', 13.6, 10.7, 17.2);
insert into temperature values ('2022-10-08', 'A004', 16.2, 11.6, 21.3);
insert into temperature values ('2022-10-09', 'A004', 12.9, 11.2, 15.4);
insert into temperature values ('2022-10-10', 'A004', 9.8, 8.5, 11.8);
insert into temperature values ('2022-10-11', 'A004', 11.1, 7.2, 15.8);
insert into temperature values ('2022-10-12', 'A004', 13.7, 7.8, 19.3);
insert into temperature values ('2022-10-13', 'A004', 16.6, 12.3, 21.7);
insert into temperature values ('2022-10-14', 'A004', 16.6, 13.5, 21.2);
insert into temperature values ('2022-10-15', 'A004', 17.2, 13.1, 21.9);
insert into temperature values ('2022-10-16', 'A004', 16.3, 14.8, 19.2);
insert into temperature values ('2022-10-17', 'A004', 10.9, 8.9, 15.1);
insert into temperature values ('2022-10-18', 'A004', 9.6, 6.7, 13.2);
insert into temperature values ('2022-10-19', 'A004', 11.5, 6.4, 15.9);
insert into temperature values ('2022-10-20', 'A004', 13.3, 8.4, 17.8);
insert into temperature values ('2022-10-21', 'A004', 14, 10, 18.5);
insert into temperature values ('2022-10-22', 'A004', 15, 11.7, 19);
insert into temperature values ('2022-10-23', 'A004', 13.2, 10.5, 17.2);
insert into temperature values ('2022-10-24', 'A004', 10.1, 7.4, 13.2);
insert into temperature values ('2022-10-25', 'A004', 11, 6, 17);
insert into temperature values ('2022-10-26', 'A004', 12.8, 8.6, 17.2);
insert into temperature values ('2022-10-27', 'A004', 13, 9.2, 17.8);
insert into temperature values ('2022-10-28', 'A004', 12.8, 8.5, 17.8);
insert into temperature values ('2022-10-29', 'A004', 14.7, 11, 19.6);
insert into temperature values ('2022-10-30', 'A004', 14.9, 11.6, 20.4);
insert into temperature values ('2022-10-31', 'A004', 14.8, 11.9, 18.4);
insert into temperature values ('2022-10-01', 'C003', 18.7, 11.8, 27.3);
insert into temperature values ('2022-10-02', 'C003', 17.8, 14.2, 21.9);
insert into temperature values ('2022-10-03', 'C003', 21.4, 17.2, 24.7);
insert into temperature values ('2022-10-04', 'C003', 18.4, 14.3, 23.7);
insert into temperature values ('2022-10-05', 'C003', 16, 13.9, 20.1);
insert into temperature values ('2022-10-06', 'C003', 15.7, 13.2, 20.5);
insert into temperature values ('2022-10-07', 'C003', 14.3, 11.2, 18.4);
insert into temperature values ('2022-10-08', 'C003', 14.3, 8.3, 19.9);
insert into temperature values ('2022-10-09', 'C003', 13.3, 11, 16.8);
insert into temperature values ('2022-10-10', 'C003', 9.4, 8, 12.1);
insert into temperature values ('2022-10-11', 'C003', 10.2, 7.5, 15.3);
insert into temperature values ('2022-10-12', 'C003', 11.5, 5.2, 19.8);
insert into temperature values ('2022-10-13', 'C003', 13.7, 8.3, 21.4);
insert into temperature values ('2022-10-14', 'C003', 15, 9.4, 21.8);
insert into temperature values ('2022-10-15', 'C003', 16.8, 11.8, 23.3);
insert into temperature values ('2022-10-16', 'C003', 16.6, 14.6, 20);
insert into temperature values ('2022-10-17', 'C003', 12, 6, 15.9);
insert into temperature values ('2022-10-18', 'C003', 7.7, 2.5, 13.5);
insert into temperature values ('2022-10-19', 'C003', 7.8, 1.6, 15);
insert into temperature values ('2022-10-20', 'C003', 10.1, 2.2, 18.2);
insert into temperature values ('2022-10-21', 'C003', 11.8, 5.6, 19.2);
insert into temperature values ('2022-10-22', 'C003', 12.4, 7.3, 19);
insert into temperature values ('2022-10-23', 'C003', 12.9, 7.5, 18.5);
insert into temperature values ('2022-10-24', 'C003', 9.2, 4.9, 14.5);
insert into temperature values ('2022-10-25', 'C003', 9.2, 3.1, 15.9);
insert into temperature values ('2022-10-26', 'C003', 10.2, 3.1, 17.2);
insert into temperature values ('2022-10-27', 'C003', 11.2, 5.6, 18.6);
insert into temperature values ('2022-10-28', 'C003', 12.5, 6, 19.6);
insert into temperature values ('2022-10-29', 'C003', 12.7, 6.9, 19.4);
insert into temperature values ('2022-10-30', 'C003', 13.3, 6.9, 19.8);
insert into temperature values ('2022-10-31', 'C003', 12.8, 8, 19.3);
insert into temperature values ('2022-10-01', 'H004', 22.2, 19, 27.1);
insert into temperature values ('2022-10-02', 'H004', 21, 19, 23.7);
insert into temperature values ('2022-10-03', 'H004', 22.1, 19.6, 23.9);
insert into temperature values ('2022-10-04', 'H004', 16.5, 11.7, 22.7);
insert into temperature values ('2022-10-05', 'H004', 12.9, 12.1, 13.9);
insert into temperature values ('2022-10-06', 'H004', 13.4, 11.5, 15);
insert into temperature values ('2022-10-07', 'H004', 13, 11.1, 16.9);
insert into temperature values ('2022-10-08', 'H004', 13, 11.6, 15.7);
insert into temperature values ('2022-10-09', 'H004', 15.5, 11.7, 17.6);
insert into temperature values ('2022-10-10', 'H004', 14, 11.4, 17.3);
insert into temperature values ('2022-10-11', 'H004', 13.8, 11, 16.5);
insert into temperature values ('2022-10-12', 'H004', 15.4, 12.1, 18.8);
insert into temperature values ('2022-10-13', 'H004', 15.9, 13.3, 19.6);
insert into temperature values ('2022-10-14', 'H004', 16.3, 14.2, 19.9);
insert into temperature values ('2022-10-15', 'H004', 16.9, 15, 20);
insert into temperature values ('2022-10-16', 'H004', 18.3, 16.1, 21.7);
insert into temperature values ('2022-10-17', 'H004', 14.9, 9.4, 20.1);
insert into temperature values ('2022-10-18', 'H004', 11, 9.1, 14.3);
insert into temperature values ('2022-10-19', 'H004', 12.6, 8.9, 16.2);
insert into temperature values ('2022-10-20', 'H004', 15.1, 10.7, 20);
insert into temperature values ('2022-10-21', 'H004', 18.1, 14.5, 22.3);
insert into temperature values ('2022-10-22', 'H004', 17.2, 14.6, 22);
insert into temperature values ('2022-10-23', 'H004', 12.3, 10.6, 16.3);
insert into temperature values ('2022-10-24', 'H004', 9.6, 7.6, 11.1);
insert into temperature values ('2022-10-25', 'H004', 11.1, 8.7, 13.7);
insert into temperature values ('2022-10-26', 'H004', 13.9, 10.7, 17.7);
insert into temperature values ('2022-10-27', 'H004', 15.8, 13.1, 19.5);
insert into temperature values ('2022-10-28', 'H004', 11.5, 10.2, 13.9);
insert into temperature values ('2022-10-29', 'H004', 11.8, 10.3, 14.9);
insert into temperature values ('2022-10-30', 'H004', 11.7, 10.4, 14.1);
insert into temperature values ('2022-10-31', 'H004', 13, 10.1, 17.2);
insert into temperature values ('2022-10-01', 'D004', 20.8, 14.3, 27.7);
insert into temperature values ('2022-10-02', 'D004', 21.1, 17.2, 25.5);
insert into temperature values ('2022-10-03', 'D004', 23.4, 19.2, 26.1);
insert into temperature values ('2022-10-04', 'D004', 20, 16.2, 24.2);
insert into temperature values ('2022-10-05', 'D004', 17.2, 14.8, 22.1);
insert into temperature values ('2022-10-06', 'D004', 17.2, 14.6, 21.1);
insert into temperature values ('2022-10-07', 'D004', 16.3, 14, 19.9);
insert into temperature values ('2022-10-08', 'D004', 16.4, 11.3, 21.3);
insert into temperature values ('2022-10-09', 'D004', 13.8, 11.5, 15.6);
insert into temperature values ('2022-10-10', 'D004', 10.8, 8.8, 14.1);
insert into temperature values ('2022-10-11', 'D004', 12.1, 8.8, 17.4);
insert into temperature values ('2022-10-12', 'D004', 13, 6, 21.5);
insert into temperature values ('2022-10-13', 'D004', 16, 10.1, 22.6);
insert into temperature values ('2022-10-14', 'D004', 16.7, 12, 22);
insert into temperature values ('2022-10-15', 'D004', 19.3, 13.8, 24.8);
insert into temperature values ('2022-10-16', 'D004', 18.5, 16.6, 22.1);
insert into temperature values ('2022-10-17', 'D004', 13, 8.3, 16.7);
insert into temperature values ('2022-10-18', 'D004', 9.5, 5.1, 14.5);
insert into temperature values ('2022-10-19', 'D004', 10.3, 4.1, 16.9);
insert into temperature values ('2022-10-20', 'D004', 12.1, 5, 19.7);
insert into temperature values ('2022-10-21', 'D004', 13.6, 8.3, 19);
insert into temperature values ('2022-10-22', 'D004', 15.1, 8.8, 21.1);
insert into temperature values ('2022-10-23', 'D004', 14.7, 11.5, 18.9);
insert into temperature values ('2022-10-24', 'D004', 10.9, 7.4, 16.4);
insert into temperature values ('2022-10-25', 'D004', 11.3, 5.4, 17.1);
insert into temperature values ('2022-10-26', 'D004', 12.7, 6.5, 18.5);
insert into temperature values ('2022-10-27', 'D004', 13.8, 8.1, 20.4);
insert into temperature values ('2022-10-28', 'D004', 13.8, 9.3, 20.2);
insert into temperature values ('2022-10-29', 'D004', 14.7, 9.8, 20.7);
insert into temperature values ('2022-10-30', 'D004', 14.7, 9.5, 20.3);
insert into temperature values ('2022-10-31', 'D004', 15.1, 10.6, 20.4);
insert into temperature values ('2022-10-01', 'A006', 20.1, 13.1, 28.3);
insert into temperature values ('2022-10-02', 'A006', 21.1, 16.9, 27.6);
insert into temperature values ('2022-10-03', 'A006', 22.8, 18.1, 26.3);
insert into temperature values ('2022-10-04', 'A006', 20, 15.3, 24.1);
insert into temperature values ('2022-10-05', 'A006', 16.2, 13.7, 21.9);
insert into temperature values ('2022-10-06', 'A006', 16.5, 14, 21.4);
insert into temperature values ('2022-10-07', 'A006', 15.8, 12.4, 20.5);
insert into temperature values ('2022-10-08', 'A006', 15.8, 9.7, 22);
insert into temperature values ('2022-10-09', 'A006', 13, 10.9, 14.8);
insert into temperature values ('2022-10-10', 'A006', 10.9, 8.6, 14);
insert into temperature values ('2022-10-11', 'A006', 12, 8.4, 18.6);
insert into temperature values ('2022-10-12', 'A006', 13, 5.6, 21.7);
insert into temperature values ('2022-10-13', 'A006', 15.1, 9, 22.9);
insert into temperature values ('2022-10-14', 'A006', 15.9, 10.4, 23.1);
insert into temperature values ('2022-10-15', 'A006', 18.2, 13.2, 24.9);
insert into temperature values ('2022-10-16', 'A006', 17.7, 14.6, 23.3);
insert into temperature values ('2022-10-17', 'A006', 12.4, 6.5, 16.8);
insert into temperature values ('2022-10-18', 'A006', 8.8, 4.1, 15.4);
insert into temperature values ('2022-10-19', 'A006', 9.2, 2.2, 17.4);
insert into temperature values ('2022-10-20', 'A006', 11, 3.2, 19.8);
insert into temperature values ('2022-10-21', 'A006', 12.2, 6.2, 18.8);
insert into temperature values ('2022-10-22', 'A006', 14.4, 8.3, 22);
insert into temperature values ('2022-10-23', 'A006', 13.1, 8.3, 19.6);
insert into temperature values ('2022-10-24', 'A006', 9.7, 5.6, 15.9);
insert into temperature values ('2022-10-25', 'A006', 9.6, 2.5, 17.2);
insert into temperature values ('2022-10-26', 'A006', 11.1, 4, 18.7);
insert into temperature values ('2022-10-27', 'A006', 12.5, 6.3, 20.5);
insert into temperature values ('2022-10-28', 'A006', 13.2, 7.5, 21.2);
insert into temperature values ('2022-10-29', 'A006', 13.5, 7.8, 21.4);
insert into temperature values ('2022-10-30', 'A006', 13.9, 7.8, 21.5);
insert into temperature values ('2022-10-31', 'A006', 14.1, 9.4, 21);
insert into temperature values ('2022-10-01', 'A003', 21.6, 13.4, 31);
insert into temperature values ('2022-10-02', 'A003', 22.2, 15, 29.6);
insert into temperature values ('2022-10-03', 'A003', 24.9, 20.3, 29.7);
insert into temperature values ('2022-10-04', 'A003', 21.5, 15.3, 27.2);
insert into temperature values ('2022-10-05', 'A003', 17, 15.1, 20.7);
insert into temperature values ('2022-10-06', 'A003', 18.2, 15.3, 23.3);
insert into temperature values ('2022-10-07', 'A003', 16.6, 12.8, 20);
insert into temperature values ('2022-10-08', 'A003', 14.9, 9.4, 20.9);
insert into temperature values ('2022-10-09', 'A003', 14.4, 12, 16.4);
insert into temperature values ('2022-10-10', 'A003', 13.7, 11.2, 17.3);
insert into temperature values ('2022-10-11', 'A003', 13.6, 9.8, 19);
insert into temperature values ('2022-10-12', 'A003', 14, 6.6, 21.4);
insert into temperature values ('2022-10-13', 'A003', 16.1, 10.7, 22.4);
insert into temperature values ('2022-10-14', 'A003', 16.1, 9.8, 22.7);
insert into temperature values ('2022-10-15', 'A003', 17.8, 12.3, 24.2);
insert into temperature values ('2022-10-16', 'A003', 19.2, 11.9, 25.7);
insert into temperature values ('2022-10-17', 'A003', 16, 10.4, 20.6);
insert into temperature values ('2022-10-18', 'A003', 11.7, 7.7, 16.9);
insert into temperature values ('2022-10-19', 'A003', 10.8, 4, 17.9);
insert into temperature values ('2022-10-20', 'A003', 12, 3.2, 21.4);
insert into temperature values ('2022-10-21', 'A003', 14.5, 7.1, 20.1);
insert into temperature values ('2022-10-22', 'A003', 16.6, 11.9, 23.3);
insert into temperature values ('2022-10-23', 'A003', 15.3, 10.7, 21.4);
insert into temperature values ('2022-10-24', 'A003', 12.3, 7.9, 16.5);
insert into temperature values ('2022-10-25', 'A003', 11.2, 5.1, 18.1);
insert into temperature values ('2022-10-26', 'A003', 12.2, 4.3, 20.1);
insert into temperature values ('2022-10-27', 'A003', 14.5, 9.7, 21.8);
insert into temperature values ('2022-10-28', 'A003', 13.1, 6.5, 22.1);
insert into temperature values ('2022-10-29', 'A003', 13.6, 8.5, 19.9);
insert into temperature values ('2022-10-30', 'A003', 13.3, 9.6, 18.7);
insert into temperature values ('2022-10-31', 'A003', 13.1, 6.9, 19.5);
insert into temperature values ('2022-10-01', 'A007', 21.7, 14.6, 29.5);
insert into temperature values ('2022-10-02', 'A007', 22.2, 15.5, 28.1);
insert into temperature values ('2022-10-03', 'A007', 24.7, 21.8, 27.6);
insert into temperature values ('2022-10-04', 'A007', 20.9, 15.3, 26);
insert into temperature values ('2022-10-05', 'A007', 16.4, 14.6, 19.7);
insert into temperature values ('2022-10-06', 'A007', 16.8, 14.6, 21.6);
insert into temperature values ('2022-10-07', 'A007', 16, 13.9, 19.6);
insert into temperature values ('2022-10-08', 'A007', 15.7, 13, 19.9);
insert into temperature values ('2022-10-09', 'A007', 15.4, 12.4, 17.7);
insert into temperature values ('2022-10-10', 'A007', 14.5, 11.5, 18.1);
insert into temperature values ('2022-10-11', 'A007', 13.7, 10.2, 18.5);
insert into temperature values ('2022-10-12', 'A007', 15.7, 9.5, 20.8);
insert into temperature values ('2022-10-13', 'A007', 18, 15.6, 21.4);
insert into temperature values ('2022-10-14', 'A007', 17.1, 13.3, 21.8);
insert into temperature values ('2022-10-15', 'A007', 17.9, 14, 22.5);
insert into temperature values ('2022-10-16', 'A007', 18.6, 13.9, 25);
insert into temperature values ('2022-10-17', 'A007', 16.4, 10.4, 22.1);
insert into temperature values ('2022-10-18', 'A007', 11.5, 7.7, 17.4);
insert into temperature values ('2022-10-19', 'A007', 11.3, 6.2, 17.1);
insert into temperature values ('2022-10-20', 'A007', 13.4, 6.2, 21.8);
insert into temperature values ('2022-10-21', 'A007', 15.6, 8.1, 22.2);
insert into temperature values ('2022-10-22', 'A007', 17.9, 12.9, 23.3);
insert into temperature values ('2022-10-23', 'A007', 15.1, 11.9, 21.3);
insert into temperature values ('2022-10-24', 'A007', 12.3, 9.2, 17);
insert into temperature values ('2022-10-25', 'A007', 12.1, 8.7, 15.8);
insert into temperature values ('2022-10-26', 'A007', 13.7, 8.9, 18.5);
insert into temperature values ('2022-10-27', 'A007', 15.1, 11, 21.7);
insert into temperature values ('2022-10-28', 'A007', 14.6, 9.4, 21.1);
insert into temperature values ('2022-10-29', 'A007', 14.6, 10.9, 18.1);
insert into temperature values ('2022-10-30', 'A007', 13.5, 12.2, 15.2);
insert into temperature values ('2022-10-31', 'A007', 14.3, 9.8, 19.1);
insert into temperature values ('2022-10-01', 'I004', 22.5, 16.5, 30.5);
insert into temperature values ('2022-10-02', 'I004', 22, 17, 27.5);
insert into temperature values ('2022-10-03', 'I004', 25, 21.8, 29.1);
insert into temperature values ('2022-10-04', 'I004', 22.9, 17.8, 26.1);
insert into temperature values ('2022-10-05', 'I004', 18, 16.2, 21.7);
insert into temperature values ('2022-10-06', 'I004', 17.2, 14.6, 21.1);
insert into temperature values ('2022-10-07', 'I004', 17.6, 14.9, 21.9);
insert into temperature values ('2022-10-08', 'I004', 16.8, 13.2, 22);
insert into temperature values ('2022-10-09', 'I004', 15, 13, 16.7);
insert into temperature values ('2022-10-10', 'I004', 13.9, 9.3, 17.8);
insert into temperature values ('2022-10-11', 'I004', 14.5, 9.4, 19.7);
insert into temperature values ('2022-10-12', 'I004', 15.5, 8.9, 21.9);
insert into temperature values ('2022-10-13', 'I004', 17.6, 12.3, 23.3);
insert into temperature values ('2022-10-14', 'I004', 17.4, 12, 23.1);
insert into temperature values ('2022-10-15', 'I004', 18.1, 13.1, 24.5);
insert into temperature values ('2022-10-16', 'I004', 18.7, 13.4, 25);
insert into temperature values ('2022-10-17', 'I004', 16.5, 10.1, 23.4);
insert into temperature values ('2022-10-18', 'I004', 11.6, 8.2, 16.9);
insert into temperature values ('2022-10-19', 'I004', 12.2, 7.2, 18.2);
insert into temperature values ('2022-10-20', 'I004', 13.2, 6.9, 20.4);
insert into temperature values ('2022-10-21', 'I004', 15.9, 9.6, 21.5);
insert into temperature values ('2022-10-22', 'I004', 18.2, 14.4, 24.4);
insert into temperature values ('2022-10-23', 'I004', 16.8, 13.7, 21.3);
insert into temperature values ('2022-10-24', 'I004', 13.6, 10.3, 18.5);
insert into temperature values ('2022-10-25', 'I004', 13, 8.6, 18);
insert into temperature values ('2022-10-26', 'I004', 13.5, 7.7, 19.9);
insert into temperature values ('2022-10-27', 'I004', 15.6, 11.6, 21);
insert into temperature values ('2022-10-28', 'I004', 15.6, 10.1, 21.7);
insert into temperature values ('2022-10-29', 'I004', 15.1, 11, 20.5);
insert into temperature values ('2022-10-30', 'I004', 14.1, 9.7, 19.2);
insert into temperature values ('2022-10-31', 'I004', 14.3, 8.7, 19.8);
insert into temperature values ('2022-10-01', 'A005', 22.9, 15.8, 30.5);
insert into temperature values ('2022-10-02', 'A005', 23.6, 17.8, 29.8);
insert into temperature values ('2022-10-03', 'A005', 26.1, 23.6, 29.9);
insert into temperature values ('2022-10-04', 'A005', 19.5, 16, 25.2);
insert into temperature values ('2022-10-05', 'A005', 16.9, 14.2, 21.4);
insert into temperature values ('2022-10-06', 'A005', 17.1, 13.9, 21.3);
insert into temperature values ('2022-10-07', 'A005', 16.3, 13.8, 20.4);
insert into temperature values ('2022-10-08', 'A005', 16.7, 11.9, 21.5);
insert into temperature values ('2022-10-09', 'A005', 14.5, 12.8, 16.7);
insert into temperature values ('2022-10-10', 'A005', 12.8, 10.7, 16.2);
insert into temperature values ('2022-10-11', 'A005', 13.9, 10.9, 18.8);
insert into temperature values ('2022-10-12', 'A005', 14.7, 8.3, 21.7);
insert into temperature values ('2022-10-13', 'A005', 17.1, 11.5, 23.5);
insert into temperature values ('2022-10-14', 'A005', 17.5, 12.5, 24.3);
insert into temperature values ('2022-10-15', 'A005', 18.5, 12.9, 25.6);
insert into temperature values ('2022-10-16', 'A005', 18.1, 13.6, 24);
insert into temperature values ('2022-10-17', 'A005', 14.4, 10.4, 18);
insert into temperature values ('2022-10-18', 'A005', 11.1, 7.3, 15.2);
insert into temperature values ('2022-10-19', 'A005', 11.3, 4.9, 17.9);
insert into temperature values ('2022-10-20', 'A005', 13.9, 5.9, 21.8);
insert into temperature values ('2022-10-21', 'A005', 14.8, 9, 19.9);
insert into temperature values ('2022-10-22', 'A005', 17.3, 13.5, 22.8);
insert into temperature values ('2022-10-23', 'A005', 14.7, 11.1, 19.9);
insert into temperature values ('2022-10-24', 'A005', 11.6, 8, 15.9);
insert into temperature values ('2022-10-25', 'A005', 11.6, 4.7, 18);
insert into temperature values ('2022-10-26', 'A005', 13.6, 7.2, 19.9);
insert into temperature values ('2022-10-27', 'A005', 15.1, 10, 21.9);
insert into temperature values ('2022-10-28', 'A005', 14.7, 9.1, 22.1);
insert into temperature values ('2022-10-29', 'A005', 15.1, 9.7, 21.4);
insert into temperature values ('2022-10-30', 'A005', 15.9, 10, 21.9);
insert into temperature values ('2022-10-31', 'A005', 15.4, 11.8, 21.4);
insert into temperature values ('2022-10-01', 'A002', 23.4, 18.5, 30.8);
insert into temperature values ('2022-10-02', 'A002', 23.9, 20, 28.3);
insert into temperature values ('2022-10-03', 'A002', 24.2, 23.2, 25.3);
insert into temperature values ('2022-10-04', 'A002', 21.8, 16.7, 24.9);
insert into temperature values ('2022-10-05', 'A002', 18.3, 16, 22.6);
insert into temperature values ('2022-10-06', 'A002', 18.1, 16.5, 20.2);
insert into temperature values ('2022-10-07', 'A002', 17.2, 14.9, 23.4);
insert into temperature values ('2022-10-08', 'A002', 17.2, 14.3, 21.8);
insert into temperature values ('2022-10-09', 'A002', 17.3, 14.9, 19.8);
insert into temperature values ('2022-10-10', 'A002', 14.8, 11.6, 19.1);
insert into temperature values ('2022-10-11', 'A002', 14.7, 10.7, 21.1);
insert into temperature values ('2022-10-12', 'A002', 17.1, 11.2, 22.8);
insert into temperature values ('2022-10-13', 'A002', 19, 16.3, 23.5);
insert into temperature values ('2022-10-14', 'A002', 19, 15.5, 24.8);
insert into temperature values ('2022-10-15', 'A002', 19.7, 16.5, 25);
insert into temperature values ('2022-10-16', 'A002', 20.4, 16.7, 26.1);
insert into temperature values ('2022-10-17', 'A002', 18.1, 10.9, 24.8);
insert into temperature values ('2022-10-18', 'A002', 13.2, 8.8, 20.1);
insert into temperature values ('2022-10-19', 'A002', 13, 8.1, 20.4);
insert into temperature values ('2022-10-20', 'A002', 15.9, 10.9, 21.7);
insert into temperature values ('2022-10-21', 'A002', 17.9, 13.8, 22.1);
insert into temperature values ('2022-10-22', 'A002', 19.2, 16.9, 24.3);
insert into temperature values ('2022-10-23', 'A002', 17, 13.5, 22.8);
insert into temperature values ('2022-10-24', 'A002', 13.8, 10.7, 19.1);
insert into temperature values ('2022-10-25', 'A002', 13.7, 9.8, 19);
insert into temperature values ('2022-10-26', 'A002', 15.9, 10.7, 21.6);
insert into temperature values ('2022-10-27', 'A002', 17.6, 14.5, 23.5);
insert into temperature values ('2022-10-28', 'A002', 17.2, 13.3, 23);
insert into temperature values ('2022-10-29', 'A002', 15.7, 13.5, 21);
insert into temperature values ('2022-10-30', 'A002', 14.8, 12.9, 18.8);
insert into temperature values ('2022-10-31', 'A002', 15.9, 12.2, 21.1);
insert into temperature values ('2022-10-01', 'G005', 22.6, 18.6, 27.7);
insert into temperature values ('2022-10-02', 'G005', 22.8, 19.5, 26.1);
insert into temperature values ('2022-10-03', 'G005', 25.2, 23, 27.4);
insert into temperature values ('2022-10-04', 'G005', 22, 17.8, 24.8);
insert into temperature values ('2022-10-05', 'G005', 18.5, 16.7, 22.2);
insert into temperature values ('2022-10-06', 'G005', 17.8, 15.4, 20.6);
insert into temperature values ('2022-10-07', 'G005', 17.8, 15.2, 21.4);
insert into temperature values ('2022-10-08', 'G005', 17.3, 15, 20.6);
insert into temperature values ('2022-10-09', 'G005', 15.8, 15.1, 17);
insert into temperature values ('2022-10-10', 'G005', 13.8, 12, 17.3);
insert into temperature values ('2022-10-11', 'G005', 15.1, 11.6, 20.2);
insert into temperature values ('2022-10-12', 'G005', 16.4, 12.1, 20.2);
insert into temperature values ('2022-10-13', 'G005', 18.8, 16.4, 21.9);
insert into temperature values ('2022-10-14', 'G005', 18.3, 15.4, 21.9);
insert into temperature values ('2022-10-15', 'G005', 19, 15.7, 23);
insert into temperature values ('2022-10-16', 'G005', 19.7, 16.9, 23.6);
insert into temperature values ('2022-10-17', 'G005', 15.7, 10.4, 20.1);
insert into temperature values ('2022-10-18', 'G005', 12, 7.4, 16.9);
insert into temperature values ('2022-10-19', 'G005', 13.2, 8.4, 18.7);
insert into temperature values ('2022-10-20', 'G005', 15.1, 11.3, 20.8);
insert into temperature values ('2022-10-21', 'G005', 17.5, 12.6, 22);
insert into temperature values ('2022-10-22', 'G005', 19.4, 16.6, 24.3);
insert into temperature values ('2022-10-23', 'G005', 16.8, 13.5, 21);
insert into temperature values ('2022-10-24', 'G005', 13.4, 10.4, 16.8);
insert into temperature values ('2022-10-25', 'G005', 13.4, 10.4, 16.5);
insert into temperature values ('2022-10-26', 'G005', 14.9, 12.1, 18.3);
insert into temperature values ('2022-10-27', 'G005', 16.5, 13.4, 21.6);
insert into temperature values ('2022-10-28', 'G005', 16.5, 12.9, 21.4);
insert into temperature values ('2022-10-29', 'G005', 16.3, 14.3, 19.7);
insert into temperature values ('2022-10-30', 'G005', 15.9, 13.7, 20);
insert into temperature values ('2022-10-31', 'G005', 15.7, 13.1, 18.7);
insert into temperature values ('2022-10-01', 'J002', 22.8, 17.7, 26.8);
insert into temperature values ('2022-10-02', 'J002', 24.9, 18.9, 30.6);
insert into temperature values ('2022-10-03', 'J002', 26.1, 22.6, 29.5);
insert into temperature values ('2022-10-04', 'J002', 21.3, 18.2, 27.8);
insert into temperature values ('2022-10-05', 'J002', 19.4, 17.5, 22.6);
insert into temperature values ('2022-10-06', 'J002', 18.7, 16.7, 21.6);
insert into temperature values ('2022-10-07', 'J002', 17.8, 15.6, 21.1);
insert into temperature values ('2022-10-08', 'J002', 18, 15.5, 20.6);
insert into temperature values ('2022-10-09', 'J002', 18.6, 16.4, 20.5);
insert into temperature values ('2022-10-10', 'J002', 16.2, 14.4, 18.3);
insert into temperature values ('2022-10-11', 'J002', 17.1, 15.6, 20.1);
insert into temperature values ('2022-10-12', 'J002', 18.2, 12.9, 20.6);
insert into temperature values ('2022-10-13', 'J002', 19.4, 17.7, 21.9);
insert into temperature values ('2022-10-14', 'J002', 19.5, 17.7, 22.1);
insert into temperature values ('2022-10-15', 'J002', 20.4, 17.9, 23);
insert into temperature values ('2022-10-16', 'J002', 20.4, 18.3, 23.1);
insert into temperature values ('2022-10-17', 'J002', 16.9, 14, 20.4);
insert into temperature values ('2022-10-18', 'J002', 14.7, 13.1, 17.8);
insert into temperature values ('2022-10-19', 'J002', 15.1, 12.4, 18.8);
insert into temperature values ('2022-10-20', 'J002', 15.9, 11.5, 20.2);
insert into temperature values ('2022-10-21', 'J002', 18.5, 13.4, 22.3);
insert into temperature values ('2022-10-22', 'J002', 20, 17.5, 24.3);
insert into temperature values ('2022-10-23', 'J002', 17.5, 15.2, 20.6);
insert into temperature values ('2022-10-24', 'J002', 15.4, 13.1, 17.8);
insert into temperature values ('2022-10-25', 'J002', 14.8, 11.9, 18.4);
insert into temperature values ('2022-10-26', 'J002', 17.6, 13.8, 20.6);
insert into temperature values ('2022-10-27', 'J002', 16.9, 13.4, 21.1);
insert into temperature values ('2022-10-28', 'J002', 16.5, 12.5, 20.8);
insert into temperature values ('2022-10-29', 'J002', 18, 14.6, 20.7);
insert into temperature values ('2022-10-30', 'J002', 17.6, 15.7, 20);
insert into temperature values ('2022-10-31', 'J002', 17.2, 15.8, 19.7);
insert into temperature values ('2022-10-01', 'B003', 18.4, 13.4, 26.5);
insert into temperature values ('2022-10-02', 'B003', 17.6, 15.1, 20.9);
insert into temperature values ('2022-10-03', 'B003', 20.7, 16.6, 23.9);
insert into temperature values ('2022-10-04', 'B003', 18.4, 14.8, 23.8);
insert into temperature values ('2022-10-05', 'B003', 16, 13.9, 20.5);
insert into temperature values ('2022-10-06', 'B003', 15.8, 12.9, 20.3);
insert into temperature values ('2022-10-07', 'B003', 14.8, 11.3, 20);
insert into temperature values ('2022-10-08', 'B003', 13.7, 8.8, 20.3);
insert into temperature values ('2022-10-09', 'B003', 12.9, 11, 15.4);
insert into temperature values ('2022-10-10', 'B003', 10.5, 8.3, 13);
insert into temperature values ('2022-10-11', 'B003', 10.9, 7.7, 16.9);
insert into temperature values ('2022-10-12', 'B003', 11.5, 6.7, 19.5);
insert into temperature values ('2022-10-13', 'B003', 13.7, 8.6, 21.6);
insert into temperature values ('2022-10-14', 'B003', 15.1, 10.2, 22.5);
insert into temperature values ('2022-10-15', 'B003', 16.7, 12.1, 24.3);
insert into temperature values ('2022-10-16', 'B003', 16.2, 14, 20.5);
insert into temperature values ('2022-10-17', 'B003', 12.2, 7.3, 15.5);
insert into temperature values ('2022-10-18', 'B003', 7.8, 2.5, 14.3);
insert into temperature values ('2022-10-19', 'B003', 8, 2.4, 16.7);
insert into temperature values ('2022-10-20', 'B003', 9.9, 2.5, 19.1);
insert into temperature values ('2022-10-21', 'B003', 11.1, 6, 19.1);
insert into temperature values ('2022-10-22', 'B003', 12.9, 7.2, 20.2);
insert into temperature values ('2022-10-23', 'B003', 13.5, 10, 19.2);
insert into temperature values ('2022-10-24', 'B003', 10.5, 5.3, 16.3);
insert into temperature values ('2022-10-25', 'B003', 9.9, 4.1, 16.5);
insert into temperature values ('2022-10-26', 'B003', 10.3, 3.9, 16.9);
insert into temperature values ('2022-10-27', 'B003', 11.6, 5.8, 19.5);
insert into temperature values ('2022-10-28', 'B003', 11.5, 7, 19.7);
insert into temperature values ('2022-10-29', 'B003', 12.1, 6.4, 19.8);
insert into temperature values ('2022-10-30', 'B003', 12.4, 6.7, 20.3);
insert into temperature values ('2022-10-31', 'B003', 12.5, 7.6, 19);
insert into temperature values ('2022-10-01', 'E004', 18.2, 11.5, 26.9);
insert into temperature values ('2022-10-02', 'E004', 18.7, 14, 23.7);
insert into temperature values ('2022-10-03', 'E004', 22, 18, 25.2);
insert into temperature values ('2022-10-04', 'E004', 18.6, 14.2, 23.4);
insert into temperature values ('2022-10-05', 'E004', 15.9, 13.3, 21.1);
insert into temperature values ('2022-10-06', 'E004', 16.2, 13.4, 20.6);
insert into temperature values ('2022-10-07', 'E004', 14.9, 11.1, 19.2);
insert into temperature values ('2022-10-08', 'E004', 14.7, 8.8, 20.4);
insert into temperature values ('2022-10-09', 'E004', 12.7, 10.8, 14.1);
insert into temperature values ('2022-10-10', 'E004', 10.3, 8.3, 13);
insert into temperature values ('2022-10-11', 'E004', 10.4, 6.2, 16.2);
insert into temperature values ('2022-10-12', 'E004', 10.7, 4.3, 19.7);
insert into temperature values ('2022-10-13', 'E004', 13.5, 6.8, 21.6);
insert into temperature values ('2022-10-14', 'E004', 14.2, 8.3, 21.3);
insert into temperature values ('2022-10-15', 'E004', 16.5, 10.7, 24.2);
insert into temperature values ('2022-10-16', 'E004', 16.6, 13.6, 21.4);
insert into temperature values ('2022-10-17', 'E004', 11.3, 6, 15.8);
insert into temperature values ('2022-10-18', 'E004', 6.8, 1, 13.9);
insert into temperature values ('2022-10-19', 'E004', 7.3, -0.4, 16.2);
insert into temperature values ('2022-10-20', 'E004', 9.6, 1, 19.4);
insert into temperature values ('2022-10-21', 'E004', 11.2, 4.8, 19.3);
insert into temperature values ('2022-10-22', 'E004', 13.1, 6.6, 20);
insert into temperature values ('2022-10-23', 'E004', 13.6, 9.6, 18.1);
insert into temperature values ('2022-10-24', 'E004', 8.6, 3, 15);
insert into temperature values ('2022-10-25', 'E004', 8.1, 0.7, 16.3);
insert into temperature values ('2022-10-26', 'E004', 9.6, 2, 17.5);
insert into temperature values ('2022-10-27', 'E004', 11.5, 3.8, 19.6);
insert into temperature values ('2022-10-28', 'E004', 11.1, 6.8, 19.1);
insert into temperature values ('2022-10-29', 'E004', 11.4, 4.7, 20);
insert into temperature values ('2022-10-30', 'E004', 11.5, 5.5, 20.1);
insert into temperature values ('2022-10-31', 'E004', 12.2, 6.6, 19.8);
insert into temperature values ('2022-10-01', 'A008', 19.1, 12.4, 27.5);
insert into temperature values ('2022-10-02', 'A008', 20.6, 16.6, 28.1);
insert into temperature values ('2022-10-03', 'A008', 23.1, 18.2, 25.8);
insert into temperature values ('2022-10-04', 'A008', 19.6, 14.9, 24.5);
insert into temperature values ('2022-10-05', 'A008', 15.6, 13, 21.1);
insert into temperature values ('2022-10-06', 'A008', 15.7, 13.1, 20.9);
insert into temperature values ('2022-10-07', 'A008', 14.8, 11.5, 18.8);
insert into temperature values ('2022-10-08', 'A008', 15.7, 9.7, 20.6);
insert into temperature values ('2022-10-09', 'A008', 12.8, 10.7, 15);
insert into temperature values ('2022-10-10', 'A008', 10.2, 7.7, 13.4);
insert into temperature values ('2022-10-11', 'A008', 11.4, 7.8, 17.3);
insert into temperature values ('2022-10-12', 'A008', 11.8, 4.9, 20.1);
insert into temperature values ('2022-10-13', 'A008', 15, 9.2, 22.1);
insert into temperature values ('2022-10-14', 'A008', 15.4, 10.6, 22.4);
insert into temperature values ('2022-10-15', 'A008', 18, 12.8, 24.5);
insert into temperature values ('2022-10-16', 'A008', 17.3, 14.4, 22.1);
insert into temperature values ('2022-10-17', 'A008', 12.3, 7.5, 15.3);
insert into temperature values ('2022-10-18', 'A008', 7.8, 2.2, 14.2);
insert into temperature values ('2022-10-19', 'A008', 8.7, 1.4, 16.6);
insert into temperature values ('2022-10-20', 'A008', 10.3, 3.1, 19.2);
insert into temperature values ('2022-10-21', 'A008', 11.8, 6, 18.9);
insert into temperature values ('2022-10-22', 'A008', 13.9, 8.1, 21.5);
insert into temperature values ('2022-10-23', 'A008', 13.4, 9.8, 19.4);
insert into temperature values ('2022-10-24', 'A008', 9.3, 4.9, 15.1);
insert into temperature values ('2022-10-25', 'A008', 9.5, 3.2, 16.3);
insert into temperature values ('2022-10-26', 'A008', 11, 4.6, 18.2);
insert into temperature values ('2022-10-27', 'A008', 12.6, 6.2, 20.3);
insert into temperature values ('2022-10-28', 'A008', 13.5, 8.9, 19.9);
insert into temperature values ('2022-10-29', 'A008', 13.6, 8.3, 20.7);
insert into temperature values ('2022-10-30', 'A008', 13.8, 8.3, 20.7);
insert into temperature values ('2022-10-31', 'A008', 13.9, 9.6, 20);
insert into temperature values ('2022-10-01', 'F001', 19, 10.4, 28.9);
insert into temperature values ('2022-10-02', 'F001', 21.3, 13.7, 27.8);
insert into temperature values ('2022-10-03', 'F001', 23.5, 21.1, 26.6);
insert into temperature values ('2022-10-04', 'F001', 18.1, 14.4, 24.1);
insert into temperature values ('2022-10-05', 'F001', 15.3, 12.5, 20.8);
insert into temperature values ('2022-10-06', 'F001', 15.3, 12.1, 21.2);
insert into temperature values ('2022-10-07', 'F001', 14.8, 10.5, 19.4);
insert into temperature values ('2022-10-08', 'F001', 14.2, 6.8, 21.4);
insert into temperature values ('2022-10-09', 'F001', 12.9, 10.7, 15.4);
insert into temperature values ('2022-10-10', 'F001', 10.5, 8.8, 14.8);
insert into temperature values ('2022-10-11', 'F001', 11.5, 6.5, 17.1);
insert into temperature values ('2022-10-12', 'F001', 11.3, 4.3, 20.8);
insert into temperature values ('2022-10-13', 'F001', 13.1, 5.4, 22.4);
insert into temperature values ('2022-10-14', 'F001', 14.1, 7.5, 23.9);
insert into temperature values ('2022-10-15', 'F001', 16, 9.2, 25);
insert into temperature values ('2022-10-16', 'F001', 15.6, 10.4, 23.5);
insert into temperature values ('2022-10-17', 'F001', 12.2, 6.8, 16.7);
insert into temperature values ('2022-10-18', 'F001', 7.4, 1.1, 14.7);
insert into temperature values ('2022-10-19', 'F001', 7.4, -0.6, 16.2);
insert into temperature values ('2022-10-20', 'F001', 9.4, -0.1, 21);
insert into temperature values ('2022-10-21', 'F001', 11.4, 3.4, 18.6);
insert into temperature values ('2022-10-22', 'F001', 14.5, 10.4, 21.4);
insert into temperature values ('2022-10-23', 'F001', 12.1, 4.8, 18.4);
insert into temperature values ('2022-10-24', 'F001', 7.8, 2.1, 15.1);
insert into temperature values ('2022-10-25', 'F001', 7.1, -0.9, 17);
insert into temperature values ('2022-10-26', 'F001', 9.4, 0.6, 18.5);
insert into temperature values ('2022-10-27', 'F001', 11.6, 4.3, 20.5);
insert into temperature values ('2022-10-28', 'F001', 10.8, 4.3, 21.2);
insert into temperature values ('2022-10-29', 'F001', 11, 3.4, 20.4);
insert into temperature values ('2022-10-30', 'F001', 11.8, 3.9, 20.7);
insert into temperature values ('2022-10-31', 'F001', 12, 5.7, 20);
insert into temperature values ('2022-10-01', 'F003', 20.6, 12.6, 29.3);
insert into temperature values ('2022-10-02', 'F003', 23.2, 16.4, 29.3);
insert into temperature values ('2022-10-03', 'F003', 25.7, 23.9, 28.4);
insert into temperature values ('2022-10-04', 'F003', 18.5, 15.2, 25.5);
insert into temperature values ('2022-10-05', 'F003', 15.4, 12.7, 20);
insert into temperature values ('2022-10-06', 'F003', 15.6, 12, 20.9);
insert into temperature values ('2022-10-07', 'F003', 14.8, 10.7, 18.3);
insert into temperature values ('2022-10-08', 'F003', 14.7, 7.8, 21.4);
insert into temperature values ('2022-10-09', 'F003', 13.5, 11.6, 15.7);
insert into temperature values ('2022-10-10', 'F003', 11.2, 9.2, 14.9);
insert into temperature values ('2022-10-11', 'F003', 12.2, 8.2, 16.9);
insert into temperature values ('2022-10-12', 'F003', 12.3, 4.9, 20.7);
insert into temperature values ('2022-10-13', 'F003', 14.2, 8.1, 21.6);
insert into temperature values ('2022-10-14', 'F003', 15.2, 9.7, 22.5);
insert into temperature values ('2022-10-15', 'F003', 16.8, 11.5, 24.3);
insert into temperature values ('2022-10-16', 'F003', 17, 12.5, 23.3);
insert into temperature values ('2022-10-17', 'F003', 12.7, 8.3, 15.7);
insert into temperature values ('2022-10-18', 'F003', 8.6, 3.7, 13.8);
insert into temperature values ('2022-10-19', 'F003', 9.1, 2.4, 15.8);
insert into temperature values ('2022-10-20', 'F003', 10.9, 3.4, 19.8);
insert into temperature values ('2022-10-21', 'F003', 13.4, 7, 19.7);
insert into temperature values ('2022-10-22', 'F003', 15.2, 11.4, 20.7);
insert into temperature values ('2022-10-23', 'F003', 13.2, 8, 18);
insert into temperature values ('2022-10-24', 'F003', 9.6, 4.5, 14.3);
insert into temperature values ('2022-10-25', 'F003', 9, 1.5, 16.6);
insert into temperature values ('2022-10-26', 'F003', 11.5, 4.2, 19);
insert into temperature values ('2022-10-27', 'F003', 12.4, 6.7, 19.6);
insert into temperature values ('2022-10-28', 'F003', 11.8, 7, 19.1);
insert into temperature values ('2022-10-29', 'F003', 12.6, 7.3, 20.1);
insert into temperature values ('2022-10-30', 'F003', 13.2, 7.6, 20.6);
insert into temperature values ('2022-10-31', 'F003', 13.3, 8.8, 19.9);
insert into temperature values ('2022-10-01', 'G003', 20.4, 13.1, 29.2);
insert into temperature values ('2022-10-02', 'G003', 21.5, 13.9, 28);
insert into temperature values ('2022-10-03', 'G003', 25.3, 22.1, 29.1);
insert into temperature values ('2022-10-04', 'G003', 20.8, 16, 25.8);
insert into temperature values ('2022-10-05', 'G003', 17.7, 14.9, 23);
insert into temperature values ('2022-10-06', 'G003', 17.1, 13.5, 22.2);
insert into temperature values ('2022-10-07', 'G003', 16.3, 13.3, 21.4);
insert into temperature values ('2022-10-08', 'G003', 16, 10.7, 20.8);
insert into temperature values ('2022-10-09', 'G003', 15.4, 13.7, 17.7);
insert into temperature values ('2022-10-10', 'G003', 13.3, 10, 17.3);
insert into temperature values ('2022-10-11', 'G003', 14.5, 10.7, 20.1);
insert into temperature values ('2022-10-12', 'G003', 13.9, 5.5, 21.6);
insert into temperature values ('2022-10-13', 'G003', 15.8, 10.2, 23.5);
insert into temperature values ('2022-10-14', 'G003', 15.9, 8.7, 23.3);
insert into temperature values ('2022-10-15', 'G003', 17.1, 10.1, 23.9);
insert into temperature values ('2022-10-16', 'G003', 18.5, 12.1, 25.5);
insert into temperature values ('2022-10-17', 'G003', 15, 9.6, 20.1);
insert into temperature values ('2022-10-18', 'G003', 11.8, 7.4, 17.2);
insert into temperature values ('2022-10-19', 'G003', 11.9, 6.6, 18.6);
insert into temperature values ('2022-10-20', 'G003', 11.5, 2.8, 21);
insert into temperature values ('2022-10-21', 'G003', 15.1, 6.5, 22.5);
insert into temperature values ('2022-10-22', 'G003', 18.4, 14.5, 24.6);
insert into temperature values ('2022-10-23', 'G003', 16.1, 12.7, 21.6);
insert into temperature values ('2022-10-24', 'G003', 12.6, 6.7, 17.7);
insert into temperature values ('2022-10-25', 'G003', 10.2, 2.6, 18.2);
insert into temperature values ('2022-10-26', 'G003', 12.3, 2.9, 20);
insert into temperature values ('2022-10-27', 'G003', 14.5, 8.8, 22.6);
insert into temperature values ('2022-10-28', 'G003', 13.4, 5.5, 22);
insert into temperature values ('2022-10-29', 'G003', 14.2, 8.2, 21.4);
insert into temperature values ('2022-10-30', 'G003', 14, 8.2, 21.3);
insert into temperature values ('2022-10-31', 'G003', 13.4, 7.8, 20.7);
insert into temperature values ('2022-10-01', 'H002', 19, 11.7, 28.4);
insert into temperature values ('2022-10-02', 'H002', 20.9, 14.4, 27.9);
insert into temperature values ('2022-10-03', 'H002', 23.8, 19.6, 27.8);
insert into temperature values ('2022-10-04', 'H002', 21.2, 16, 25.8);
insert into temperature values ('2022-10-05', 'H002', 16.8, 15.2, 21.3);
insert into temperature values ('2022-10-06', 'H002', 17.6, 14.2, 21.9);
insert into temperature values ('2022-10-07', 'H002', 15.8, 11.6, 19.4);
insert into temperature values ('2022-10-08', 'H002', 14.3, 8.6, 21.6);
insert into temperature values ('2022-10-09', 'H002', 13, 11.2, 14.7);
insert into temperature values ('2022-10-10', 'H002', 12.6, 10.1, 16.4);
insert into temperature values ('2022-10-11', 'H002', 13, 8.7, 18.5);
insert into temperature values ('2022-10-12', 'H002', 12.5, 5.5, 20.8);
insert into temperature values ('2022-10-13', 'H002', 14.6, 9.3, 22.5);
insert into temperature values ('2022-10-14', 'H002', 14.9, 8.6, 22.4);
insert into temperature values ('2022-10-15', 'H002', 17.1, 11.9, 24.5);
insert into temperature values ('2022-10-16', 'H002', 18.6, 12.3, 25);
insert into temperature values ('2022-10-17', 'H002', 14.8, 8.6, 19.1);
insert into temperature values ('2022-10-18', 'H002', 10.3, 4.9, 16.6);
insert into temperature values ('2022-10-19', 'H002', 10, 2.5, 17.7);
insert into temperature values ('2022-10-20', 'H002', 10.5, 2.3, 21);
insert into temperature values ('2022-10-21', 'H002', 12.4, 5.5, 18.8);
insert into temperature values ('2022-10-22', 'H002', 15, 10, 22.3);
insert into temperature values ('2022-10-23', 'H002', 14.9, 9.8, 21.2);
insert into temperature values ('2022-10-24', 'H002', 11.2, 5.3, 17.1);
insert into temperature values ('2022-10-25', 'H002', 9.5, 2.6, 17.8);
insert into temperature values ('2022-10-26', 'H002', 10.6, 3.1, 19);
insert into temperature values ('2022-10-27', 'H002', 13.2, 6.8, 21.4);
insert into temperature values ('2022-10-28', 'H002', 12.7, 6, 21.2);
insert into temperature values ('2022-10-29', 'H002', 12.9, 8.3, 19.9);
insert into temperature values ('2022-10-30', 'H002', 12.9, 7, 20.3);
insert into temperature values ('2022-10-31', 'H002', 11.9, 7, 19.8);
insert into temperature values ('2022-10-01', 'I001', 20.6, 15.7, 28.9);
insert into temperature values ('2022-10-02', 'I001', 21.9, 15.8, 27.5);
insert into temperature values ('2022-10-03', 'I001', 24.3, 23.3, 25.3);
insert into temperature values ('2022-10-04', 'I001', 22.5, 17.5, 25.4);
insert into temperature values ('2022-10-05', 'I001', 18.6, 17, 22.4);
insert into temperature values ('2022-10-06', 'I001', 17.2, 15.4, 19.6);
insert into temperature values ('2022-10-07', 'I001', 17.6, 15.6, 21.8);
insert into temperature values ('2022-10-08', 'I001', 17.2, 13.8, 21.1);
insert into temperature values ('2022-10-09', 'I001', 16.5, 14.5, 18.5);
insert into temperature values ('2022-10-10', 'I001', 14.7, 12.1, 18.1);
insert into temperature values ('2022-10-11', 'I001', 14.3, 10.5, 19.7);
insert into temperature values ('2022-10-12', 'I001', 15.7, 9.1, 21.6);
insert into temperature values ('2022-10-13', 'I001', 18.1, 15, 22.3);
insert into temperature values ('2022-10-14', 'I001', 17.6, 12.6, 23);
insert into temperature values ('2022-10-15', 'I001', 18, 13.1, 23.4);
insert into temperature values ('2022-10-16', 'I001', 18.1, 13.8, 23.6);
insert into temperature values ('2022-10-17', 'I001', 16.8, 11.2, 23);
insert into temperature values ('2022-10-18', 'I001', 12.2, 9.6, 17);
insert into temperature values ('2022-10-19', 'I001', 11.8, 6.7, 17.7);
insert into temperature values ('2022-10-20', 'I001', 13.3, 7.1, 20);
insert into temperature values ('2022-10-21', 'I001', 16.1, 9.3, 22.1);
insert into temperature values ('2022-10-22', 'I001', 18.2, 13.9, 23.1);
insert into temperature values ('2022-10-23', 'I001', 15.8, 12.4, 20.8);
insert into temperature values ('2022-10-24', 'I001', 14, 10.5, 17.8);
insert into temperature values ('2022-10-25', 'I001', 12.9, 9.2, 17.7);
insert into temperature values ('2022-10-26', 'I001', 13.1, 7.6, 19.1);
insert into temperature values ('2022-10-27', 'I001', 15.2, 11, 20.9);
insert into temperature values ('2022-10-28', 'I001', 15.3, 9.4, 21.1);
insert into temperature values ('2022-10-29', 'I001', 15.4, 11.8, 20.2);
insert into temperature values ('2022-10-30', 'I001', 14.2, 11.2, 18.4);
insert into temperature values ('2022-10-31', 'I001', 14.4, 10.1, 19.5);
INSERT INTO sensory_temperature(sdate, region_code, sensory_tem, wind) VALUES("2022-10-17",'A001','6.4','20.5');
INSERT INTO sensory_temperature(sdate, region_code, sensory_tem, wind) VALUES("2022-10-18",'A001','3','9.4');
INSERT INTO sensory_temperature(sdate, region_code, sensory_tem, wind) VALUES("2022-10-19",'A001','2.4','8.6');
INSERT INTO sensory_temperature(sdate, region_code, sensory_tem, wind) VALUES("2022-10-20",'A001','4.1','9.4');
INSERT INTO sensory_temperature(sdate, region_code, sensory_tem, wind) VALUES("2022-10-21",'A001','7.4','9');
INSERT INTO sensory_temperature(sdate, region_code, sensory_tem, wind) VALUES("2022-10-24",'A001','4.7','19.1');
INSERT INTO sensory_temperature(sdate, region_code, sensory_tem, wind) VALUES("2022-10-25",'A001','3.9','10.4');
INSERT INTO sensory_temperature(sdate, region_code, sensory_tem, wind) VALUES("2022-10-26",'A001','5.6','14.8');
INSERT INTO sensory_temperature(sdate, region_code, sensory_tem, wind) VALUES("2022-10-27",'A001','7.5','8.3');
INSERT INTO sensory_temperature(sdate, region_code, sensory_tem, wind) VALUES("2022-10-28",'A001','7.1','8.3');
INSERT INTO sensory_temperature(sdate, region_code, sensory_tem, wind) VALUES("2022-10-17",'A002','8.9','7.9');
INSERT INTO sensory_temperature(sdate, region_code, sensory_tem, wind) VALUES("2022-10-18",'A002','3.7','10.1');
INSERT INTO sensory_temperature(sdate, region_code, sensory_tem, wind) VALUES("2022-10-19",'A002','2.4','22');
INSERT INTO sensory_temperature(sdate, region_code, sensory_tem, wind) VALUES("2022-10-20",'A002','-2.9','20.2');
INSERT INTO sensory_temperature(sdate, region_code, sensory_tem, wind) VALUES("2022-10-21",'A002','-1.7','7.6');
INSERT INTO sensory_temperature(sdate, region_code, sensory_tem, wind) VALUES("2022-10-24",'A002','1.8','7.6');
INSERT INTO sensory_temperature(sdate, region_code, sensory_tem, wind) VALUES("2022-10-25",'A002','4.3','9');
INSERT INTO sensory_temperature(sdate, region_code, sensory_tem, wind) VALUES("2022-10-26",'A002','8.3','9.7');
INSERT INTO sensory_temperature(sdate, region_code, sensory_tem, wind) VALUES("2022-10-27",'A002','5','9.7');
INSERT INTO sensory_temperature(sdate, region_code, sensory_tem, wind) VALUES("2022-10-28",'A002','7.6','7.9');
INSERT INTO sensory_temperature(sdate, region_code, sensory_tem, wind) VALUES("2022-10-19",'A003','7.2','15.8');

insert into sensory_temperature(sdate, region_code, sensory_tem, wind) values ("2022-10-08", "A003",9.2,5);
insert into sensory_temperature(sdate, region_code, sensory_tem, wind) values ("2022-10-12", "A004",6,6.1);
insert into sensory_temperature(sdate, region_code, sensory_tem, wind) values ("2022-10-18", "A003",5.3,13.3);
insert into sensory_temperature(sdate, region_code, sensory_tem, wind) values ("2022-10-20", "A004",2.5,5.8);
insert into sensory_temperature(sdate, region_code, sensory_tem, wind) values ("2022-10-21", "A003",6.9,5);
insert into sensory_temperature(sdate, region_code, sensory_tem, wind) values ("2022-10-24", "A003",7,6.5);
insert into sensory_temperature(sdate, region_code, sensory_tem, wind) values ("2022-10-25", "A003",3.6,8.6);
insert into sensory_temperature(sdate, region_code, sensory_tem, wind) values ("2022-10-26", "A004",2.9,6.1);
insert into sensory_temperature(sdate, region_code, sensory_tem, wind) values ("2022-10-27", "A004",9.8,4.7);
insert into sensory_temperature(sdate, region_code, sensory_tem, wind) values ("2022-10-28", "A003",5.5,6.5);
insert into sensory_temperature(sdate, region_code, sensory_tem, wind) values ("2022-10-29", "A004",8.5,5);
insert into sensory_temperature(sdate, region_code, sensory_tem, wind) values ("2022-10-30", "A004",8.5,8.6);
insert into sensory_temperature(sdate, region_code, sensory_tem, wind) values ("2022-10-31", "A003",5.7,7.9);

insert into sensory_temperature(sdate, region_code, sensory_tem, wind) values ("2022-10-10", "B001",4.3,42.1);
insert into sensory_temperature(sdate, region_code, sensory_tem, wind) values ("2022-10-11", "B001",4.2,28.1);
insert into sensory_temperature(sdate, region_code, sensory_tem, wind) values ("2022-10-12", "B001",6.6,11.2);
insert into sensory_temperature(sdate, region_code, sensory_tem, wind) values ("2022-10-17", "B002",5.5,34.2);
insert into sensory_temperature(sdate, region_code, sensory_tem, wind) values ("2022-10-18", "B002",3.1,20.9);
insert into sensory_temperature(sdate, region_code, sensory_tem, wind) values ("2022-10-19", "B001",5,13.3);
insert into sensory_temperature(sdate, region_code, sensory_tem, wind) values ("2022-10-20", "B002",7.5,6.8);
insert into sensory_temperature(sdate, region_code, sensory_tem, wind) values ("2022-10-21", "B001",8.9,8.6);
insert into sensory_temperature(sdate, region_code, sensory_tem, wind) values ("2022-10-24", "B002",4.3,19.1);
insert into sensory_temperature(sdate, region_code, sensory_tem, wind) values ("2022-10-25", "B002",3.4,12.6);
insert into sensory_temperature(sdate, region_code, sensory_tem, wind) values ("2022-10-26", "B002",6.9,10.1);
insert into sensory_temperature(sdate, region_code, sensory_tem, wind) values ("2022-10-27", "B001",7.7,10.1);
insert into sensory_temperature(sdate, region_code, sensory_tem, wind) values ("2022-10-28", "B002",7.2,9.4);

insert into sensory_temperature(sdate, region_code, sensory_tem, wind) values ("2022-10-08", "B003",8.9,7.9);
insert into sensory_temperature(sdate, region_code, sensory_tem, wind) values ("2022-10-10", "B004",5.9,23.8);
insert into sensory_temperature(sdate, region_code, sensory_tem, wind) values ("2022-10-11", "B003",7.1,8.6);
insert into sensory_temperature(sdate, region_code, sensory_tem, wind) values ("2022-10-12", "B003",4.2,7.2);
insert into sensory_temperature(sdate, region_code, sensory_tem, wind) values ("2022-10-13", "B004",7.9,9);
insert into sensory_temperature(sdate, region_code, sensory_tem, wind) values ("2022-10-17", "B003",4.9,10.1);
insert into sensory_temperature(sdate, region_code, sensory_tem, wind) values ("2022-10-18", "B004",2.7,6.8);
insert into sensory_temperature(sdate, region_code, sensory_tem, wind) values ("2022-10-19", "B004",0.3,6.8);
insert into sensory_temperature(sdate, region_code, sensory_tem, wind) values ("2022-10-20", "B003",1.4,7.2);
insert into sensory_temperature(sdate, region_code, sensory_tem, wind) values ("2022-10-21", "B003",4.9,7.2);
insert into sensory_temperature(sdate, region_code, sensory_tem, wind) values ("2022-10-22", "B004",7.2,8.3);
insert into sensory_temperature(sdate, region_code, sensory_tem, wind) values ("2022-10-24", "B003",4,8.6);
insert into sensory_temperature(sdate, region_code, sensory_tem, wind) values ("2022-10-25", "B003",0.3,7.9);
insert into sensory_temperature(sdate, region_code, sensory_tem, wind) values ("2022-10-26", "B004",3,6.5);
insert into sensory_temperature(sdate, region_code, sensory_tem, wind) values ("2022-10-27", "B004",5.1,7.6);
insert into sensory_temperature(sdate, region_code, sensory_tem, wind) values ("2022-10-28", "B004",7,5);
insert into sensory_temperature(sdate, region_code, sensory_tem, wind) values ("2022-10-29", "B003",6.6,7.9);
insert into sensory_temperature(sdate, region_code, sensory_tem, wind) values ("2022-10-30", "B003",7.2,7.2);
insert into sensory_temperature(sdate, region_code, sensory_tem, wind) values ("2022-10-31", "B004",8.6,7.2);

insert into sensory_temperature(sdate, region_code, sensory_tem, wind) values ("2022-10-08", "C001",7,4.3);
insert into sensory_temperature(sdate, region_code, sensory_tem, wind) values ("2022-10-10", "C001",6.1,20.2);
insert into sensory_temperature(sdate, region_code, sensory_tem, wind) values ("2022-10-11", "C002",6.5,3.2);
insert into sensory_temperature(sdate, region_code, sensory_tem, wind) values ("2022-10-12", "C002",3.8,5.8);
insert into sensory_temperature(sdate, region_code, sensory_tem, wind) values ("2022-10-13", "C001",6,5.4);
insert into sensory_temperature(sdate, region_code, sensory_tem, wind) values ("2022-10-14", "C001",7.6,5.4);
insert into sensory_temperature(sdate, region_code, sensory_tem, wind) values ("2022-10-17", "C002",5,5);
insert into sensory_temperature(sdate, region_code, sensory_tem, wind) values ("2022-10-18", "C002",0.6,3.2);
insert into sensory_temperature(sdate, region_code, sensory_tem, wind) values ("2022-10-19", "C001",-1.9,4.7);
insert into sensory_temperature(sdate, region_code, sensory_tem, wind) values ("2022-10-20", "C001",-0.9,4.3);
insert into sensory_temperature(sdate, region_code, sensory_tem, wind) values ("2022-10-21", "C002",3.1,4);
insert into sensory_temperature(sdate, region_code, sensory_tem, wind) values ("2022-10-22", "C002",7.2,4);
insert into sensory_temperature(sdate, region_code, sensory_tem, wind) values ("2022-10-23", "C001",4.5,4.3);
insert into sensory_temperature(sdate, region_code, sensory_tem, wind) values ("2022-10-24", "C002",1.7,5);
insert into sensory_temperature(sdate, region_code, sensory_tem, wind) values ("2022-10-25", "C001",-1.5,3.6);
insert into sensory_temperature(sdate, region_code, sensory_tem, wind) values ("2022-10-26", "C002",-0.2,3.2);
insert into sensory_temperature(sdate, region_code, sensory_tem, wind) values ("2022-10-27", "C002",3.7,2.9);
insert into sensory_temperature(sdate, region_code, sensory_tem, wind) values ("2022-10-28", "C001",1.6,4.7);
insert into sensory_temperature(sdate, region_code, sensory_tem, wind) values ("2022-10-29", "C002",7.8,2.9);
insert into sensory_temperature(sdate, region_code, sensory_tem, wind) values ("2022-10-30", "C002",3.1,2.9);
insert into sensory_temperature(sdate, region_code, sensory_tem, wind) values ("2022-10-31", "C001",5.1,3.2);


insert into sensory_temperature(sdate, region_code, sensory_tem, wind) values ("2022-10-12", "C003",8.3,11.9);
insert into sensory_temperature(sdate, region_code, sensory_tem, wind) values ("2022-10-18", "C003",5.1,15.1);
insert into sensory_temperature(sdate, region_code, sensory_tem, wind) values ("2022-10-19", "C004",4.1,16.6);
insert into sensory_temperature(sdate, region_code, sensory_tem, wind) values ("2022-10-20", "C003",6.4,4);
insert into sensory_temperature(sdate, region_code, sensory_tem, wind) values ("2022-10-21", "C003",7.5,5.8);
insert into sensory_temperature(sdate, region_code, sensory_tem, wind) values ("2022-10-25", "C004",6.7,14.8);
insert into sensory_temperature(sdate, region_code, sensory_tem, wind) values ("2022-10-26", "C003",7.3,10.1);
insert into sensory_temperature(sdate, region_code, sensory_tem, wind) values ("2022-10-28", "C004",9.3,5);
insert into sensory_temperature(sdate, region_code, sensory_tem, wind) values ("2022-10-31", "C004",9.2,7.2);

insert into sensory_temperature(sdate, region_code, sensory_tem, wind) values ("2022-10-08", "D001",8.5,7.6);
insert into sensory_temperature(sdate, region_code, sensory_tem, wind) values ("2022-10-10", "D002",5.8,38.2);
insert into sensory_temperature(sdate, region_code, sensory_tem, wind) values ("2022-10-12", "D001",5.2,11.9);
insert into sensory_temperature(sdate, region_code, sensory_tem, wind) values ("2022-10-17", "D001",6.3,11.5);
insert into sensory_temperature(sdate, region_code, sensory_tem, wind) values ("2022-10-18", "D002",2.4,6.8);
insert into sensory_temperature(sdate, region_code, sensory_tem, wind) values ("2022-10-19", "D003",2.3,5.8);
insert into sensory_temperature(sdate, region_code, sensory_tem, wind) values ("2022-10-20", "D002",2.5,10.1);
insert into sensory_temperature(sdate, region_code, sensory_tem, wind) values ("2022-10-21", "D003",6.6,7.2);
insert into sensory_temperature(sdate, region_code, sensory_tem, wind) values ("2022-10-23", "D003",9.3,6.1);
insert into sensory_temperature(sdate, region_code, sensory_tem, wind) values ("2022-10-24", "D003",5.6,10.1);
insert into sensory_temperature(sdate, region_code, sensory_tem, wind) values ("2022-10-25", "D002",3.3,11.2);
insert into sensory_temperature(sdate, region_code, sensory_tem, wind) values ("2022-10-26", "D001",6,10.1);
insert into sensory_temperature(sdate, region_code, sensory_tem, wind) values ("2022-10-27", "D003",6.5,8.6);
insert into sensory_temperature(sdate, region_code, sensory_tem, wind) values ("2022-10-28", "D003",5.9,6.8);
insert into sensory_temperature(sdate, region_code, sensory_tem, wind) values ("2022-10-29", "D001",7,7.9);
insert into sensory_temperature(sdate, region_code, sensory_tem, wind) values ("2022-10-30", "D003",7.2,7.2);
insert into sensory_temperature(sdate, region_code, sensory_tem, wind) values ("2022-10-31", "D002",8.7,8.6);
insert into sensory_temperature(sdate, region_code, sensory_tem, wind) values ("2022-10-01", "A001",8.5,7.6);
insert into sensory_temperature(sdate, region_code, sensory_tem, wind) values ("2022-10-01", "B002",5.8,38.2);
insert into sensory_temperature(sdate, region_code, sensory_tem, wind) values ("2022-10-01", "C001",5.2,11.9);
insert into sensory_temperature(sdate, region_code, sensory_tem, wind) values ("2022-10-01", "D001",6.3,11.5);
insert into sensory_temperature(sdate, region_code, sensory_tem, wind) values ("2022-10-01", "H002",2.4,6.8);
insert into sensory_temperature(sdate, region_code, sensory_tem, wind) values ("2022-10-01", "E003",2.3,5.8);
insert into sensory_temperature(sdate, region_code, sensory_tem, wind) values ("2022-10-02", "E002",2.5,10.1);
insert into sensory_temperature(sdate, region_code, sensory_tem, wind) values ("2022-10-02", "E003",6.6,7.2);
insert into sensory_temperature(sdate, region_code, sensory_tem, wind) values ("2022-10-02", "A003",9.3,6.1);
insert into sensory_temperature(sdate, region_code, sensory_tem, wind) values ("2022-10-02", "B003",5.6,10.1);
insert into sensory_temperature(sdate, region_code, sensory_tem, wind) values ("2022-10-02", "C002",3.3,11.2);
insert into sensory_temperature(sdate, region_code, sensory_tem, wind) values ("2022-10-02", "D001",6,10.1);
insert into sensory_temperature(sdate, region_code, sensory_tem, wind) values ("2022-10-03", "H003",6.5,8.6);
insert into sensory_temperature(sdate, region_code, sensory_tem, wind) values ("2022-10-03", "A001",5.9,6.8);
insert into sensory_temperature(sdate, region_code, sensory_tem, wind) values ("2022-10-03", "B001",7,7.9);
insert into sensory_temperature(sdate, region_code, sensory_tem, wind) values ("2022-10-03", "C003",7.2,7.2);
insert into sensory_temperature(sdate, region_code, sensory_tem, wind) values ("2022-10-03", "H002",8.7,8.6);




insert into visibility( visi_dist, region_code, vdate) values (4574,'A001','2022-10-01 01:00:00');
insert into visibility( visi_dist, region_code, vdate) values (5000,"A001","2022-10-01 02:00:00");
insert into visibility( visi_dist, region_code, vdate) values (5000,"A001","2022-10-01 03:00:00");
insert into visibility( visi_dist, region_code, vdate) values (5000,"A001","2022-10-01 04:00:00");
insert into visibility( visi_dist, region_code, vdate) values (4998,"A001","2022-10-01 05:00:00");
insert into visibility( visi_dist, region_code, vdate) values (5000,"A001","2022-10-01 06:00:00");
insert into visibility( visi_dist, region_code, vdate) values (5000,"A001","2022-10-01 07:00:00");
insert into visibility( visi_dist, region_code, vdate) values (5000,"A001","2022-10-01 08:00:00");
insert into visibility( visi_dist, region_code, vdate) values (4974,"A001","2022-10-01 09:00:00");
insert into visibility( visi_dist, region_code, vdate) values (5000,"A001","2022-10-01 10:00:00");
insert into visibility( visi_dist, region_code, vdate) values (5000,"A001","2022-10-01 11:00:00");
insert into visibility( visi_dist, region_code, vdate) values (5000,"A001","2022-10-01 12:00:00");
insert into visibility( visi_dist, region_code, vdate) values (5000,"A001","2022-10-01 13:00:00");

insert into visibility( visi_dist, region_code, vdate) values (452,'A001','2022-10-05 03:00:00');
insert into visibility( visi_dist, region_code, vdate) values (385,"A001","2022-10-05 04:00:00");
insert into visibility( visi_dist, region_code, vdate) values (300,"A001","2022-10-05 05:00:00");
insert into visibility( visi_dist, region_code, vdate) values (120,"A001","2022-10-05 06:00:00");
insert into visibility( visi_dist, region_code, vdate) values (510,"A001","2022-10-05 07:00:00");
insert into visibility( visi_dist, region_code, vdate) values (339,"A001","2022-10-05 08:00:00");
insert into visibility( visi_dist, region_code, vdate) values (292,"A001","2022-10-05 09:00:00");
insert into visibility( visi_dist, region_code, vdate) values (384,"A001","2022-10-05 10:00:00");
insert into visibility( visi_dist, region_code, vdate) values (468,"A001","2022-10-05 11:00:00");
insert into visibility( visi_dist, region_code, vdate) values (1284,"A001","2022-10-05 12:00:00");
insert into visibility( visi_dist, region_code, vdate) values (300,"A001","2022-10-05 13:00:00");
insert into visibility( visi_dist, region_code, vdate) values (359,"A001","2022-10-05 14:00:00");
insert into visibility( visi_dist, region_code, vdate) values (206,"A001","2022-10-05 15:00:00");
insert into visibility( visi_dist, region_code, vdate) values (320,'A001','2022-10-05 16:00:00');
insert into visibility( visi_dist, region_code, vdate) values (1623,"A001","2022-10-05 17:00:00");
insert into visibility( visi_dist, region_code, vdate) values (2524,"A001","2022-10-05 18:00:00");

insert into visibility( visi_dist, region_code, vdate) values (150,"A002","2022-10-03 17:00:00");
insert into visibility( visi_dist, region_code, vdate) values (500,"A002","2022-10-03 18:00:00");
insert into visibility( visi_dist, region_code, vdate) values (500,"A002","2022-10-03 19:00:00");
insert into visibility( visi_dist, region_code, vdate) values (300,"A002","2022-10-03 20:00:00");
insert into visibility( visi_dist, region_code, vdate) values (150,"A002","2022-10-03 21:00:00");
insert into visibility( visi_dist, region_code, vdate) values (300,"A002","2022-10-03 22:00:00");
insert into visibility( visi_dist, region_code, vdate) values (150,"A002","2022-10-03 23:00:00");
insert into visibility( visi_dist, region_code, vdate) values (300,"A002","2022-10-04 00:00:00");
insert into visibility( visi_dist, region_code, vdate) values (300,"A003","2022-10-04 01:00:00");
insert into visibility( visi_dist, region_code, vdate) values (150,"A003","2022-10-04 02:00:00");
insert into visibility( visi_dist, region_code, vdate) values (600,"A003","2022-10-04 03:00:00");
insert into visibility( visi_dist, region_code, vdate) values (800,"A003","2022-10-04 04:00:00");
insert into visibility( visi_dist, region_code, vdate) values (800,"A003","2022-10-04 05:00:00");
insert into visibility( visi_dist, region_code, vdate) values (600,"A003","2022-10-04 06:00:00");
insert into visibility( visi_dist, region_code, vdate) values (600,"A003","2022-10-04 07:00:00");
insert into visibility( visi_dist, region_code, vdate) values (700,"A003","2022-10-04 08:00:00");
insert into visibility( visi_dist, region_code, vdate) values (700,"A003","2022-10-04 09:00:00");
insert into visibility( visi_dist, region_code, vdate) values (1100,"A003","2022-10-04 10:00:00");

insert into visibility( visi_dist, region_code, vdate) values (1400,"A002","2022-10-05 21:00:00");
insert into visibility( visi_dist, region_code, vdate) values (2000,"A002","2022-10-06 00:00:00");
insert into visibility( visi_dist, region_code, vdate) values (2000,"A002","2022-10-06 03:00:00");
insert into visibility( visi_dist, region_code, vdate) values (2000,"A002","2022-10-06 04:00:00");
insert into visibility( visi_dist, region_code, vdate) values (2000,"A002","2022-10-06 05:00:00");
insert into visibility( visi_dist, region_code, vdate) values (1800,"A002","2022-10-06 06:00:00");
insert into visibility( visi_dist, region_code, vdate) values (2000,"A002","2022-10-06 07:00:00");
insert into visibility( visi_dist, region_code, vdate) values (2000,"A002","2022-10-06 08:00:00");
insert into visibility( visi_dist, region_code, vdate) values (2000,"A003","2022-10-06 09:00:00");
insert into visibility( visi_dist, region_code, vdate) values (2000,"A003","2022-10-06 10:00:00");
insert into visibility( visi_dist, region_code, vdate) values (2000,"A003","2022-10-06 11:00:00");
insert into visibility( visi_dist, region_code, vdate) values (2000,"A003","2022-10-06 12:00:00");
insert into visibility( visi_dist, region_code, vdate) values (2000,"A003","2022-10-06 13:00:00");
insert into visibility( visi_dist, region_code, vdate) values (2000,"A003","2022-10-06 14:00:00");
insert into visibility( visi_dist, region_code, vdate) values (2000,"A003","2022-10-06 15:00:00");
insert into visibility( visi_dist, region_code, vdate) values (2000,"A003","2022-10-06 16:00:00");
insert into visibility( visi_dist, region_code, vdate) values (2000,"A003","2022-10-06 17:00:00");
insert into visibility( visi_dist, region_code, vdate) values (2000,"A003","2022-10-06 18:00:00");

insert into visibility( visi_dist, region_code, vdate) values (3277,"A004","2022-10-05 07:00:00");
insert into visibility( visi_dist, region_code, vdate) values (3434,"A004","2022-10-05 08:00:00");
insert into visibility( visi_dist, region_code, vdate) values (4463,"A004","2022-10-05 09:00:00");
insert into visibility( visi_dist, region_code, vdate) values (4820,"A004","2022-10-05 10:00:00");
insert into visibility( visi_dist, region_code, vdate) values (5009,"A004","2022-10-05 11:00:00");
insert into visibility( visi_dist, region_code, vdate) values (5009,"A005","2022-10-05 12:00:00");
insert into visibility( visi_dist, region_code, vdate) values (5009,"A005","2022-10-05 13:00:00");
insert into visibility( visi_dist, region_code, vdate) values (5009,"A005","2022-10-05 14:00:00");
insert into visibility( visi_dist, region_code, vdate) values (5009,"A005","2022-10-05 15:00:00");
insert into visibility( visi_dist, region_code, vdate) values (5009,"A005","2022-10-05 16:00:00");
insert into visibility( visi_dist, region_code, vdate) values (5009,"A005","2022-10-05 17:00:00");
insert into visibility( visi_dist, region_code, vdate) values (4994,"A006","2022-10-05 18:00:00");
insert into visibility( visi_dist, region_code, vdate) values (3681,"A006","2022-10-05 19:00:00");
insert into visibility( visi_dist, region_code, vdate) values (2838,"A006","2022-10-05 20:00:00");
insert into visibility( visi_dist, region_code, vdate) values (3375,"A006","2022-10-05 21:00:00");
insert into visibility( visi_dist, region_code, vdate) values (2520,"A006","2022-10-05 22:00:00");
insert into visibility( visi_dist, region_code, vdate) values (2621,"A006","2022-10-05 23:00:00");
insert into visibility( visi_dist, region_code, vdate) values (2748,"A006","2022-10-06 00:00:00");

insert into visibility( visi_dist, region_code, vdate) values (5009,"A004","2022-10-12 12:00:00");
insert into visibility( visi_dist, region_code, vdate) values (5009,"A004","2022-10-12 13:00:00");
insert into visibility( visi_dist, region_code, vdate) values (5009,"A004","2022-10-12 14:00:00");
insert into visibility( visi_dist, region_code, vdate) values (5009,"A007","2022-10-12 15:00:00");
insert into visibility( visi_dist, region_code, vdate) values (5009,"A007","2022-10-12 16:00:00");
insert into visibility( visi_dist, region_code, vdate) values (5009,"A007","2022-10-12 17:00:00");
insert into visibility( visi_dist, region_code, vdate) values (5009,"A007","2022-10-12 18:00:00");
insert into visibility( visi_dist, region_code, vdate) values (4879,"A007","2022-10-12 19:00:00");
insert into visibility( visi_dist, region_code, vdate) values (3232,"A007","2022-10-12 20:00:00");
insert into visibility( visi_dist, region_code, vdate) values (2509,"A007","2022-10-12 21:00:00");
insert into visibility( visi_dist, region_code, vdate) values (2440,"A008","2022-10-12 22:00:00");
insert into visibility( visi_dist, region_code, vdate) values (4240,"A008","2022-10-12 23:00:00");
insert into visibility( visi_dist, region_code, vdate) values (3419,"A008","2022-10-13 00:00:00");
insert into visibility( visi_dist, region_code, vdate) values (3455,"A008","2022-10-13 01:00:00");
insert into visibility( visi_dist, region_code, vdate) values (2550,"A008","2022-10-13 02:00:00");
insert into visibility( visi_dist, region_code, vdate) values (3077,"A008","2022-10-13 03:00:00");
insert into visibility( visi_dist, region_code, vdate) values (2790,"A008","2022-10-13 04:00:00");
insert into visibility( visi_dist, region_code, vdate) values (441,"A008","2022-10-13 05:00:00");
insert into visibility( visi_dist, region_code, vdate) values (92,"A008","2022-10-13 06:00:00");



insert into comment(nickname, passwd, user_comment ) values ('cutey','1111','I think it was colder than that information.');
insert into comment(nickname, passwd, user_comment ) values ('banana','1111','Good data!');
insert into comment(nickname, passwd, user_comment ) values ('apple','1111', 'Hi guys~');
insert into comment(nickname, passwd, user_comment ) values ('kiwi','1111','I want to go to Busan!!');
insert into comment(nickname, passwd, user_comment ) values ('BMW','1111', 'It is too cold here');
insert into comment(nickname, passwd, user_comment ) values ('Toto','1111','I like windy days');
insert into comment(nickname, passwd, user_comment ) values ('chang','1111','How nice weather');
insert into comment(nickname, passwd, user_comment ) values ('Maria','1111', 'Have a nice day:)');
insert into comment(nickname, passwd, user_comment ) values ('SQL','1111','Good morning!');
insert into comment(nickname, passwd, user_comment ) values ('PHP','1111', 'Too bad:(');
